"","xgboost__Tuned__Threshold_0.5__MissingData_simple_value_imputation__ScarceOutcome_no_method","xgboost__Not_Tuned__Threshold_0.5__MissingData_simple_value_imputation__ScarceOutcome_no_method","logistic_regression__Not_Tuned__Threshold_0.5__MissingData_simple_value_imputation__ScarceOutcome_no_method","random_forest__Not_Tuned__Threshold_0.5__MissingData_simple_value_imputation__ScarceOutcome_no_method","random_forest__Tuned__Threshold_0.5__MissingData_simple_value_imputation__ScarceOutcome_no_method","logistic_regression__Not_Tuned__Threshold_0.5__MissingData_simple_value_imputation__ScarceOutcome_random_oversampling","xgboost__Not_Tuned__Threshold_0.5__MissingData_simple_value_imputation__ScarceOutcome_random_oversampling","xgboost__Tuned__Threshold_0.5__MissingData_simple_value_imputation__ScarceOutcome_random_oversampling","random_forest__Tuned__Threshold_0.5__MissingData_simple_value_imputation__ScarceOutcome_random_oversampling","random_forest__Not_Tuned__Threshold_0.5__MissingData_simple_value_imputation__ScarceOutcome_random_oversampling","random_forest__Not_Tuned__Threshold_0.5__MissingData_simple_value_imputation__ScarceOutcome_random_undersampling","random_forest__Tuned__Threshold_0.5__MissingData_simple_value_imputation__ScarceOutcome_random_undersampling","xgboost__Tuned__Threshold_0.5__MissingData_simple_value_imputation__ScarceOutcome_random_undersampling","xgboost__Not_Tuned__Threshold_0.5__MissingData_simple_value_imputation__ScarceOutcome_random_undersampling","logistic_regression__Not_Tuned__Threshold_0.5__MissingData_simple_value_imputation__ScarceOutcome_random_undersampling","logistic_regression__Not_Tuned__Threshold_0.5__MissingData_Miss_Forest_Imputation__ScarceOutcome_random_undersampling","xgboost__Not_Tuned__Threshold_0.5__MissingData_Miss_Forest_Imputation__ScarceOutcome_random_undersampling","xgboost__Tuned__Threshold_0.5__MissingData_Miss_Forest_Imputation__ScarceOutcome_random_undersampling","random_forest__Tuned__Threshold_0.5__MissingData_Miss_Forest_Imputation__ScarceOutcome_random_undersampling","random_forest__Not_Tuned__Threshold_0.5__MissingData_Miss_Forest_Imputation__ScarceOutcome_random_undersampling","logistic_regression__Not_Tuned__Threshold_0.5__MissingData_Miss_Forest_Imputation__ScarceOutcome_no_method","xgboost__Not_Tuned__Threshold_0.5__MissingData_Miss_Forest_Imputation__ScarceOutcome_no_method","xgboost__Tuned__Threshold_0.5__MissingData_Miss_Forest_Imputation__ScarceOutcome_no_method","random_forest__Tuned__Threshold_0.5__MissingData_Miss_Forest_Imputation__ScarceOutcome_no_method","random_forest__Not_Tuned__Threshold_0.5__MissingData_Miss_Forest_Imputation__ScarceOutcome_no_method","logistic_regression__Not_Tuned__Threshold_0.5__MissingData_Miss_Forest_Imputation__ScarceOutcome_random_oversampling","xgboost__Not_Tuned__Threshold_0.5__MissingData_Miss_Forest_Imputation__ScarceOutcome_random_oversampling","xgboost__Tuned__Threshold_0.5__MissingData_Miss_Forest_Imputation__ScarceOutcome_random_oversampling","random_forest__Tuned__Threshold_0.5__MissingData_Miss_Forest_Imputation__ScarceOutcome_random_oversampling","random_forest__Not_Tuned__Threshold_0.5__MissingData_Miss_Forest_Imputation__ScarceOutcome_random_oversampling"
"auc",0.892648416806398,0.896229739252995,0.85378848630654,0.851999343879857,0.853041238366018,0.848223615464997,0.887870282617689,0.866713445602782,0.846401059512527,0.887578673665281,0.888657019270491,0.885011907365556,0.86736349055916,0.87423452649996,0.84274987242108,0.872651940414581,0.866707370416265,0.886688658841827,0.892997740030617,0.892329469514714,0.880185171684769,0.895850040096228,0.901092926052832,0.85858180846152,0.828178537581103,0.876649413136988,0.879131126825589,0.863633326043108,0.876154285436562,0.896363393356174
"accuracy_test",0.955,0.9535,0.9575,0.9555,0.9525,0.782,0.902,0.9355,0.9445,0.8915,0.806,0.8085,0.877,0.808,0.7675,0.778,0.7925,0.8635,0.802,0.8035,0.959,0.954,0.954,0.9545,0.957,0.803,0.904,0.927,0.9365,0.892
"accuracy_train",0.961625,0.965625,0.955,0.961875,1,0.757914704343276,0.909798534798535,0.99365515436944,1,0.937336473050759,0.929775280898876,0.936797752808989,0.796348314606742,0.917134831460674,0.747191011235955,0.768258426966292,0.918539325842697,0.803370786516854,0.922752808988764,0.918539325842697,0.955125,0.96475,0.9615,1,0.9615,0.775968079539508,0.915096807953951,0.993982208267923,0.999738356881214,0.940214547357405
"precision",0.357142857142857,0.31578947368421,0.666666666666667,0.363636363636364,0.333333333333333,0.142857142857143,0.254464285714286,0.29126213592233,0.301587301587302,0.252830188679245,0.158371040723982,0.157043879907621,0.22027972027972,0.151869158878505,0.133462282398453,0.146245059288538,0.136865342163355,0.206896551724138,0.155555555555556,0.156599552572707,0.833333333333333,0.35,0.285714285714286,0.391304347826087,0.5,0.16079295154185,0.259090909090909,0.245762711864407,0.258823529411765,0.255639097744361
"recall",0.0581395348837209,0.0697674418604651,0.0232558139534884,0.0465116279069767,0.104651162790698,0.813953488372093,0.662790697674419,0.348837209302326,0.22093023255814,0.77906976744186,0.813953488372093,0.790697674418605,0.732558139534884,0.755813953488372,0.802325581395349,0.86046511627907,0.72093023255814,0.767441860465116,0.813953488372093,0.813953488372093,0.0581395348837209,0.0813953488372093,0.0465116279069767,0.104651162790698,0.0581395348837209,0.848837209302326,0.662790697674419,0.337209302325581,0.255813953488372,0.790697674418605
"f1_score",0.1,0.114285714285714,0.0449438202247191,0.0824742268041237,0.15929203539823,0.243055555555556,0.367741935483871,0.317460317460317,0.25503355704698,0.381766381766382,0.265151515151515,0.262042389210019,0.338709677419355,0.252918287937743,0.228855721393035,0.25,0.230055658627087,0.325925925925926,0.261194029850746,0.26266416510319,0.108695652173913,0.132075471698113,0.08,0.165137614678899,0.104166666666667,0.27037037037037,0.372549019607843,0.284313725490196,0.257309941520468,0.386363636363636
"AUC_male_majority_nondisabled",0.913756613756615,0.875132275132275,0.634920634920636,0.823015873015873,0.839417989417988,0.656613756613757,0.893121693121692,0.883597883597886,0.807671957671956,0.725925925925925,0.863492063492063,0.867460317460317,0.795238095238095,0.843121693121694,0.628571428571427,0.665079365079366,0.805555555555555,0.788624338624339,0.865079365079364,0.856878306878306,0.675661375661376,0.842592592592591,0.912169312169313,0.829894179894179,0.825661375661375,0.682010582010584,0.83148148148148,0.830423280423281,0.807142857142856,0.706613756613755
"AUC_male_majority_disabled",0.862962962962963,0.885185185185185,0.674074074074074,0.851851851851852,0.862962962962963,0.674074074074074,0.848148148148148,0.814814814814815,0.844444444444444,0.822222222222222,0.8,0.785185185185185,0.737037037037037,0.714814814814815,0.755555555555555,0.733333333333333,0.633333333333333,0.714814814814815,0.703703703703704,0.703703703703704,0.637037037037037,0.759259259259259,0.788888888888889,0.87037037037037,0.807407407407407,0.659259259259259,0.840740740740741,0.837037037037037,0.837037037037037,0.755555555555555
"AUC_male_minority_nondisabled",0.648148148148147,0.689562289562288,0.73804713804714,0.835016835016835,0.864646464646464,0.721885521885525,0.602020202020203,0.657912457912459,0.785185185185186,0.706734006734007,0.719865319865321,0.692592592592595,0.672390572390573,0.764309764309765,0.670033670033674,0.778451178451178,0.860606060606061,0.707070707070708,0.802693602693605,0.795959595959598,0.805387205387204,0.782491582491583,0.73063973063973,0.877777777777778,0.832323232323233,0.798653198653198,0.698989898989901,0.730639730639732,0.87003367003367,0.848148148148148
"AUC_male_minority_disabled",0.8375,0.875,0.725,0.88125,0.85,0.725,0.9,0.8875,0.8875,0.875,0.8,0.775,0.66875,0.7875,0.7,0.7875,0.8125,0.725,0.8125,0.8,0.8375,0.85,0.8625,0.8,0.775,0.8375,0.775,0.8375,0.83125,0.875
"AUC_female_majority_nondisabled",0.893965517241378,0.89078947368421,0.833666061705984,0.795417422867513,0.806533575317603,0.824863883847544,0.913611615245008,0.893012704174231,0.794827586206897,0.890880217785845,0.881397459165155,0.87404718693285,0.861887477313975,0.834891107078041,0.798911070780395,0.800635208711428,0.784437386569874,0.882350272232304,0.870054446460979,0.874818511796733,0.831034482758616,0.887794918330308,0.883393829401088,0.783938294010888,0.745553539019964,0.822232304900178,0.880716878402904,0.846823956442833,0.829990925589836,0.884165154264974
"AUC_female_majority_disabled",0.826388888888889,0.822916666666667,0.81712962962963,0.835648148148148,0.721064814814815,0.810185185185185,0.75,0.729166666666666,0.721064814814815,0.721064814814815,0.712962962962963,0.708333333333333,0.767361111111111,0.671296296296296,0.784722222222222,0.831018518518518,0.712962962962963,0.784722222222222,0.733796296296297,0.743055555555555,0.865740740740741,0.805555555555556,0.80787037037037,0.734953703703704,0.813657407407407,0.863425925925926,0.813657407407408,0.726851851851852,0.725694444444444,0.747685185185185
"AUC_female_minority_nondisabled",0.821654040404039,0.812710437710437,0.809659090909088,0.747843013468014,0.735637626262626,0.809869528619526,0.803819444444442,0.758996212121209,0.742424242424242,0.795770202020201,0.819970538720538,0.816603535353534,0.814446548821549,0.819865319865318,0.794297138047135,0.833228114478113,0.824494949494947,0.810763888888889,0.845275673400672,0.847695707070706,0.846590909090908,0.805345117845117,0.839436026936026,0.763152356902356,0.735269360269361,0.83996212121212,0.799295033670032,0.769991582491582,0.783564814814815,0.809132996632996
"AUC_female_minority_disabled",0.619047619047619,0.603174603174603,0.69047619047619,0.448412698412698,0.53968253968254,0.666666666666667,0.650793650793651,0.5,0.511904761904762,0.634920634920635,0.456349206349206,0.484126984126984,0.603174603174603,0.547619047619048,0.650793650793651,0.666666666666667,0.476190476190476,0.630952380952381,0.547619047619048,0.507936507936508,0.674603174603175,0.666666666666667,0.571428571428572,0.543650793650794,0.476190476190476,0.666666666666667,0.619047619047619,0.507936507936508,0.53968253968254,0.623015873015873
"proportion_favorable_benchmark_test",0.993,0.9905,0.9985,0.9945,0.9865,0.755,0.888,0.9485,0.9685,0.8675,0.779,0.7835,0.857,0.786,0.7415,0.747,0.7735,0.8405,0.775,0.7765,0.997,0.99,0.993,0.9885,0.995,0.773,0.89,0.941,0.9575,0.867
"FPR_benchmark_test",0.00470219435736677,0.00679205851619645,0.000522466039707419,0.00365726227795193,0.00940438871473354,0.219435736677116,0.087251828631139,0.0381400208986416,0.0229885057471264,0.103448275862069,0.19435736677116,0.190700104493208,0.116509926854754,0.189655172413793,0.234064785788924,0.225705329153605,0.204284221525601,0.132183908045977,0.198537095088819,0.196969696969697,0.000522466039707419,0.00679205851619645,0.00522466039707419,0.00731452455590387,0.0026123301985371,0.199059561128527,0.0851619644723093,0.0464994775339603,0.0329153605015674,0.103448275862069
"FNR_benchmark_test",0.941860465116279,0.930232558139535,0.976744186046512,0.953488372093023,0.895348837209302,0.186046511627907,0.337209302325581,0.651162790697674,0.77906976744186,0.22093023255814,0.186046511627907,0.209302325581395,0.267441860465116,0.244186046511628,0.197674418604651,0.13953488372093,0.27906976744186,0.232558139534884,0.186046511627907,0.186046511627907,0.941860465116279,0.918604651162791,0.953488372093023,0.895348837209302,0.941860465116279,0.151162790697674,0.337209302325581,0.662790697674419,0.744186046511628,0.209302325581395
"FPR_train",0.00183150183150183,0.0010465724751439,0.00130821559392988,0.000392464678178964,0,0.239272632129775,0.0822867608581894,0.0126896912611198,0,0.110544217687075,0.0898876404494382,0.0842696629213483,0.098314606741573,0.0589887640449438,0.24438202247191,0.224719101123595,0.0674157303370786,0.112359550561798,0.101123595505618,0.101123595505618,0.00183150183150183,0.00183150183150183,0.00196232339089482,0,0.000261643118785976,0.217687074829932,0.0851648351648352,0.0120355834641549,0.000523286237571952,0.107535321821036
"FNR_train",0.823033707865168,0.75,0.98314606741573,0.848314606741573,0,0.244897959183673,0.098116169544741,0,0,0.0147828362114076,0.050561797752809,0.0421348314606742,0.308988764044944,0.106741573033708,0.26123595505618,0.23876404494382,0.0955056179775281,0.280898876404494,0.0533707865168539,0.0617977528089888,0.969101123595506,0.752808988764045,0.823033707865168,0,0.859550561797753,0.230376766091052,0.0846415489272632,0,0,0.0120355834641549
"FPR_lenient",0.0768025078369906,0.0757575757575758,0.0825496342737722,0.126436781609195,0.136363636363636,0.0125391849529781,0.00470219435736677,0.000522466039707419,0.0397074190177638,0.0365726227795193,0.0135841170323929,0.0151515151515152,0.0214211076280042,0.0156739811912226,0.01619644723093,0.0125391849529781,0.0156739811912226,0.0402298850574713,0.0141065830721003,0.0125391849529781,0.0815047021943574,0.0705329153605016,0.0741901776384535,0.135318704284222,0.126436781609195,0.0109717868338558,0.00522466039707419,0.00156739811912226,0.0391849529780564,0.0376175548589342
"FNR_lenient",0.325581395348837,0.36046511627907,0.406976744186047,0.395348837209302,0.325581395348837,0.848837209302326,0.930232558139535,1,0.72093023255814,0.651162790697674,0.883720930232558,0.883720930232558,0.72093023255814,0.790697674418605,0.837209302325581,0.825581395348837,0.77906976744186,0.616279069767442,0.883720930232558,0.86046511627907,0.325581395348837,0.325581395348837,0.313953488372093,0.337209302325581,0.430232558139535,0.802325581395349,0.930232558139535,0.976744186046512,0.709302325581395,0.651162790697674
"FPR_stringent",0.882967607105538,0.889237199582027,0.889759665621735,1,1,0.841692789968652,0.785788923719958,0.799373040752351,1,0.814524555903866,0.920062695924765,0.912748171368861,0.848484848484849,0.828108672936259,0.839080459770115,0.834378265412748,0.854754440961337,0.8521421107628,0.913270637408568,0.914315569487983,0.891849529780564,0.886102403343783,0.88453500522466,1,1,0.839602925809822,0.794148380355277,0.803030303030303,1,0.822361546499478
"FNR_stringent",0,0,0.0232558139534884,0,0,0.0232558139534884,0.0232558139534884,0.0232558139534884,0,0.0116279069767442,0,0,0,0,0.0232558139534884,0.0232558139534884,0,0,0,0,0.0232558139534884,0,0,0,0,0.0232558139534884,0.0348837209302326,0.0232558139534884,0,0
"Male_proportion_favorable",NA,NA,NA,NA,NA,0.844091360476663,0.985104270109235,0.994041708043694,0.994041708043694,0.983118172790467,0.897715988083416,0.904667328699106,0.990069513406157,0.888778550148957,0.86395233366435,0.900695134061569,0.880834160873883,0.978152929493545,0.904667328699106,0.906653426017875,NA,NA,NA,NA,NA,0.917576961271102,0.981132075471698,0.989076464746773,0.990069513406157,0.984111221449851
"Male_FPR",0,0,0,0,0,0.150201612903226,0.0100806451612903,0.0030241935483871,0.0030241935483871,0.0120967741935484,0.0977822580645161,0.0917338709677419,0.00705645161290323,0.107862903225806,0.131048387096774,0.092741935483871,0.115927419354839,0.0191532258064516,0.0907258064516129,0.0887096774193548,0,0,0,0,0,0.0756048387096774,0.0141129032258065,0.00705645161290323,0.00705645161290323,0.0100806451612903
"Male_FNR",1,1,1,1,1,0.466666666666667,0.666666666666667,0.8,0.8,0.666666666666667,0.6,0.666666666666667,0.8,0.666666666666667,0.533333333333333,0.466666666666667,0.666666666666667,0.8,0.6,0.6,1,1,1,1,1,0.466666666666667,0.666666666666667,0.733333333333333,0.8,0.6
"Female_proportion_favorable",0.985901309164149,0.980866062437059,0.996978851963746,0.988922457200403,0.972809667673716,0.664652567975831,0.789526686807654,0.902316213494461,0.942598187311178,0.750251762336354,0.658610271903323,0.660624370594159,0.722054380664653,0.681772406847935,0.617321248741188,0.591137965760322,0.664652567975831,0.700906344410876,0.643504531722054,0.644511581067472,0.993957703927492,0.979859013091641,0.985901309164149,0.976837865055388,0.989929506545821,0.62638469284995,0.797583081570997,0.892245720040282,0.924471299093656,0.748237663645519
"Female_FPR",0.00976138828633406,0.0140997830802603,0.00108459869848156,0.00759219088937093,0.0195227765726681,0.293926247288503,0.170281995661605,0.0759219088937093,0.044468546637744,0.20173535791757,0.29826464208243,0.297180043383948,0.234273318872017,0.27765726681128,0.344902386117137,0.368763557483731,0.299349240780911,0.253796095444685,0.314533622559653,0.313449023861171,0.00108459869848156,0.0140997830802603,0.0108459869848156,0.0151843817787419,0.00542299349240781,0.331887201735358,0.161605206073753,0.0889370932754881,0.0607375271149675,0.203904555314534
"Female_FNR",0.929577464788732,0.915492957746479,0.971830985915493,0.943661971830986,0.873239436619718,0.126760563380282,0.267605633802817,0.619718309859155,0.774647887323944,0.126760563380282,0.0985915492957746,0.112676056338028,0.154929577464789,0.154929577464789,0.126760563380282,0.0704225352112676,0.197183098591549,0.112676056338028,0.0985915492957746,0.0985915492957746,0.929577464788732,0.901408450704225,0.943661971830986,0.873239436619718,0.929577464788732,0.0845070422535211,0.267605633802817,0.647887323943662,0.732394366197183,0.126760563380282
"Disabled_proportion_favourable",0.986206896551724,0.986206896551724,0.986206896551724,0.986206896551724,0.951724137931034,0.420689655172414,0.668965517241379,0.83448275862069,0.882758620689655,0.586206896551724,0.510344827586207,0.517241379310345,0.56551724137931,0.517241379310345,0.393103448275862,0.379310344827586,0.551724137931034,0.551724137931034,0.482758620689655,0.496551724137931,0.96551724137931,0.979310344827586,0.979310344827586,0.951724137931034,0.986206896551724,0.420689655172414,0.648275862068965,0.827586206896552,0.848275862068966,0.6
"Disabled_FPR",0.00840336134453781,0.00840336134453781,0,0.00840336134453781,0.0336134453781513,0.521008403361345,0.243697478991597,0.134453781512605,0.092436974789916,0.319327731092437,0.403361344537815,0.403361344537815,0.352941176470588,0.403361344537815,0.554621848739496,0.554621848739496,0.361344537815126,0.369747899159664,0.436974789915966,0.420168067226891,0,0.0168067226890756,0.0168067226890756,0.0336134453781513,0.00840336134453781,0.504201680672269,0.260504201680672,0.134453781512605,0.126050420168067,0.302521008403361
"Disabled_FNR",0.961538461538462,0.961538461538462,0.923076923076923,0.961538461538462,0.884615384615385,0.153846153846154,0.269230769230769,0.692307692307692,0.769230769230769,0.153846153846154,0.115384615384615,0.153846153846154,0.192307692307692,0.153846153846154,0.153846153846154,0.0769230769230769,0.153846153846154,0.192307692307692,0.115384615384615,0.115384615384615,0.807692307692308,0.961538461538462,0.961538461538462,0.884615384615385,0.961538461538462,0.0769230769230769,0.230769230769231,0.653846153846154,0.730769230769231,0.153846153846154
"Abled_proportion_favorable",0.993530997304582,0.990835579514825,0.999460916442048,0.995148247978437,0.98921832884097,0.781132075471698,0.905121293800539,0.957412398921833,0.975202156334232,0.889487870619946,0.8,0.804312668463612,0.879784366576819,0.807008086253369,0.768733153638814,0.775741239892183,0.790835579514825,0.863072776280323,0.797843665768194,0.798382749326146,0.999460916442048,0.990835579514825,0.994070080862534,0.991374663072776,0.995687331536388,0.800539083557951,0.9088948787062,0.949865229110512,0.966037735849057,0.887870619946092
"Abled_FPR",0.00445682451253482,0.00668523676880223,0.000557103064066852,0.00334261838440111,0.00779944289693593,0.199442896935933,0.0768802228412256,0.0317548746518106,0.0183844011142061,0.0891364902506964,0.18050139275766,0.176601671309192,0.1008356545961,0.175487465181058,0.212813370473538,0.203899721448468,0.193871866295265,0.116434540389972,0.182729805013928,0.182172701949861,0.000557103064066852,0.00612813370473538,0.00445682451253482,0.00557103064066852,0.00222841225626741,0.17883008356546,0.0735376044568245,0.0406685236768802,0.0267409470752089,0.0902506963788301
"Abled_FNR",0.933333333333333,0.916666666666667,1,0.95,0.9,0.2,0.366666666666667,0.633333333333333,0.783333333333333,0.25,0.216666666666667,0.233333333333333,0.3,0.283333333333333,0.216666666666667,0.166666666666667,0.333333333333333,0.25,0.216666666666667,0.216666666666667,1,0.9,0.95,0.9,0.933333333333333,0.183333333333333,0.383333333333333,0.666666666666667,0.75,0.233333333333333
"Minority_proportion_favorable",0.983630952380952,0.976190476190476,0.99702380952381,0.988095238095238,0.974702380952381,0.617559523809524,0.775297619047619,0.894345238095238,0.936011904761905,0.748511904761905,0.671130952380952,0.675595238095238,0.714285714285714,0.680059523809524,0.586309523809524,0.581845238095238,0.663690476190476,0.697916666666667,0.663690476190476,0.674107142857143,0.995535714285714,0.976190476190476,0.983630952380952,0.979166666666667,0.988095238095238,0.636904761904762,0.790178571428571,0.883928571428571,0.913690476190476,0.736607142857143
"Minority_FPR",0.0112359550561798,0.0176565008025682,0,0.00802568218298555,0.0176565008025682,0.345104333868379,0.184590690208668,0.0818619582664527,0.0497592295345104,0.207062600321027,0.287319422150883,0.284109149277689,0.243980738362761,0.280898876404494,0.382022471910112,0.378812199036918,0.298555377207063,0.258426966292135,0.295345104333868,0.284109149277689,0.00160513643659711,0.0160513643659711,0.0128410914927769,0.0128410914927769,0.00642054574638844,0.321027287319422,0.170144462279294,0.0963081861958267,0.0706260032102729,0.21669341894061
"Minority_FNR",0.918367346938776,0.897959183673469,0.959183673469388,0.938775510204082,0.877551020408163,0.142857142857143,0.26530612244898,0.591836734693878,0.755102040816326,0.183673469387755,0.142857142857143,0.163265306122449,0.183673469387755,0.183673469387755,0.183673469387755,0.0816326530612245,0.183673469387755,0.142857142857143,0.142857142857143,0.142857142857143,0.959183673469388,0.877551020408163,0.938775510204082,0.877551020408163,0.918367346938776,0.102040816326531,0.285714285714286,0.63265306122449,0.714285714285714,0.142857142857143
"Majority_proportion_favorable",0.997740963855422,0.997740963855422,0.999246987951807,0.997740963855422,0.992469879518072,0.824548192771084,0.945030120481928,0.975903614457831,0.984939759036145,0.927710843373494,0.833584337349398,0.838102409638554,0.92921686746988,0.83960843373494,0.820030120481928,0.830572289156627,0.829066265060241,0.912650602409639,0.831325301204819,0.828313253012048,0.997740963855422,0.996987951807229,0.997740963855422,0.993222891566265,0.998493975903614,0.841867469879518,0.940512048192771,0.969879518072289,0.979668674698795,0.932981927710843
"Majority_FPR",0.00154918667699458,0.00154918667699458,0.000774593338497289,0.00154918667699458,0.00542215336948102,0.158791634391944,0.040278853601859,0.0170410534469404,0.0100697134004648,0.0534469403563129,0.149496514329977,0.14562354763749,0.0549961270333075,0.14562354763749,0.162664601084431,0.151820294345469,0.158791634391944,0.0712625871417506,0.151820294345469,0.154918667699458,0,0.00232378001549187,0.00154918667699458,0.00464756003098373,0.000774593338497289,0.140201394268009,0.0441518202943455,0.0224632068164214,0.0147172734314485,0.0487993803253292
"Majority_FNR",0.972972972972973,0.972972972972973,1,0.972972972972973,0.918918918918919,0.243243243243243,0.432432432432432,0.72972972972973,0.810810810810811,0.27027027027027,0.243243243243243,0.27027027027027,0.378378378378378,0.324324324324324,0.216216216216216,0.216216216216216,0.405405405405405,0.351351351351351,0.243243243243243,0.243243243243243,0.918918918918919,0.972972972972973,0.972972972972973,0.918918918918919,0.972972972972973,0.216216216216216,0.405405405405405,0.702702702702703,0.783783783783784,0.297297297297297
"Male_Minority_Yes_proportion_favorable",NA,NA,NA,NA,NA,0.625,0.75,0.916666666666667,0.958333333333333,0.708333333333333,0.666666666666667,0.708333333333333,0.791666666666667,0.708333333333333,0.541666666666667,0.5,0.666666666666667,0.791666666666667,0.625,0.666666666666667,NA,NA,NA,NA,NA,0.583333333333333,0.791666666666667,0.875,0.916666666666667,0.708333333333333
"Male_Minority_Yes_proportion_favorable_ratio",NA,NA,NA,NA,NA,0.827814569536424,0.844594594594595,0.96643823581093,0.989502667355016,0.816522574447647,0.855798031664527,0.904062965326526,0.923765071956437,0.901187446988974,0.730501236232861,0.669344042838019,0.861883214824391,0.941899662899068,0.806451612903226,0.8585533376261,NA,NA,NA,NA,NA,0.754635618801207,0.889513108614232,0.929861849096706,0.957354221061793,0.816993464052288
"Male_Minority_Yes_FPR",0,0,0,0,0,0.3,0.15,0.05,0,0.2,0.25,0.25,0.15,0.25,0.4,0.45,0.25,0.15,0.3,0.25,0,0,0,0,0,0.35,0.1,0.05,0.05,0.2
"Male_Minority_Yes_FPR_ratio",0,0,0,0,0,1.36714285714286,1.71916167664671,1.31095890410959,0,1.93333333333333,1.28629032258065,1.31095890410959,1.28744394618834,1.31818181818182,1.70892857142857,1.99375,1.22378516624041,1.13478260869565,1.51105263157895,1.26923076923077,0,0,0,0,0,1.75826771653543,1.17423312883436,1.0752808988764,1.51904761904762,1.93333333333333
"Male_Minority_Yes_FNR",1,1,1,1,1,0.25,0.25,0.75,0.75,0.25,0.25,0.5,0.5,0.5,0.25,0.25,0.25,0.5,0.25,0.25,1,1,1,1,1,0.25,0.25,0.5,0.75,0.25
"Male_Minority_Yes_FNR_ratio",1.06172839506173,1.075,1.02380952380952,1.04878048780488,1.11688311688312,1.34375,0.741379310344828,1.15178571428571,0.962686567164179,1.13157894736842,1.34375,2.38888888888889,1.8695652173913,2.04761904761905,1.26470588235294,1.79166666666667,0.895833333333333,2.15,1.34375,1.34375,1.06172839506173,1.08860759493671,1.04878048780488,1.11688311688312,1.06172839506173,1.65384615384615,0.741379310344828,0.754385964912281,1.0078125,1.19444444444444
"Male_Minority_No_proportion_favorable",NA,NA,NA,NA,NA,0.748344370860927,0.990066225165563,0.996688741721854,0.993377483443709,0.986754966887417,0.913907284768212,0.927152317880795,0.990066225165563,0.927152317880795,0.774834437086093,0.814569536423841,0.900662251655629,0.986754966887417,0.923841059602649,0.937086092715232,NA,NA,NA,NA,NA,0.854304635761589,0.993377483443709,0.993377483443709,0.986754966887417,0.983443708609272
"Male_Minority_No_proportion_favorable_ratio",NA,NA,NA,NA,NA,0.991184597166791,1.11493944275401,1.05080521003886,1.02568661171266,1.13746970246388,1.17318008314276,1.18334692773554,1.1552698076611,1.17958310162951,1.04495541077019,1.09045453336525,1.16439851539189,1.17400947874767,1.19205298013245,1.2068075888155,NA,NA,NA,NA,NA,1.10518064134746,1.11615447577945,1.05566151269257,1.03055349022185,1.13430646898417
"Male_Minority_No_FPR",0,0,0,0,0,0.245791245791246,0.00673400673400673,0,0.00336700336700337,0.0101010101010101,0.0841750841750842,0.0707070707070707,0.00673400673400673,0.0707070707070707,0.225589225589226,0.178451178451178,0.0976430976430976,0.0101010101010101,0.0740740740740741,0.0606060606060606,0,0,0,0,0,0.138047138047138,0.00336700336700337,0.00336700336700337,0.0101010101010101,0.0101010101010101
"Male_Minority_No_FPR_ratio",0,0,0,0,0,1.12010582010582,0.0771789753825682,0,0.146464646464646,0.0976430976430977,0.433094384707288,0.370776255707763,0.0577977080219233,0.372819100091827,0.963789682539682,0.790637860082304,0.477976697925547,0.0764163372859025,0.373099415204678,0.307692307692308,0,0,0,0,0,0.693496646252552,0.0395364689843217,0.0724094881398252,0.306878306878307,0.0976430976430977
"Male_Minority_No_FNR",1,1,1,1,1,0.4,0.8,0.8,0.8,0.8,0.8,0.8,0.8,0.8,0.8,0.4,0.8,0.8,0.8,0.8,1,1,1,1,1,0.4,0.8,0.8,0.8,0.6
"Male_Minority_No_FNR_ratio",1.06172839506173,1.075,1.02380952380952,1.04878048780488,1.11688311688312,2.15,2.37241379310345,1.22857142857143,1.02686567164179,3.62105263157895,4.3,3.82222222222222,2.99130434782609,3.27619047619048,4.04705882352941,2.86666666666667,2.86666666666667,3.44,4.3,4.3,1.06172839506173,1.08860759493671,1.04878048780488,1.11688311688312,1.06172839506173,2.64615384615385,2.37241379310345,1.20701754385965,1.075,2.86666666666667
"Male_Majority_Yes_proportion_favorable",NA,NA,NA,NA,NA,0.583333333333333,0.979166666666667,0.979166666666667,0.979166666666667,0.9375,0.854166666666667,0.833333333333333,0.958333333333333,0.854166666666667,0.583333333333333,0.645833333333333,0.9375,0.958333333333333,0.833333333333333,0.8125,NA,NA,NA,NA,NA,0.6875,0.958333333333333,0.979166666666667,0.979166666666667,0.958333333333333
"Male_Majority_Yes_proportion_favorable_ratio",NA,NA,NA,NA,NA,0.772626931567329,1.10266516516517,1.03233175188895,1.01101359490621,1.0806916426513,1.09649122807018,1.06360348861944,1.11824192921042,1.08672603901612,0.786693639020004,0.864569388665774,1.2120232708468,1.14019432877256,1.0752688172043,1.04636188023181,NA,NA,NA,NA,NA,0.889391979301423,1.07677902621723,1.04055968827488,1.02262837249782,1.10534409842368
"Male_Majority_Yes_FPR",0,0,0,0,0,0.4,0.0222222222222222,0.0222222222222222,0.0222222222222222,0.0666666666666667,0.133333333333333,0.155555555555556,0.0444444444444444,0.133333333333333,0.4,0.333333333333333,0.0666666666666667,0.0444444444444444,0.155555555555556,0.177777777777778,0,0,0,0,0,0.288888888888889,0.0444444444444444,0.0222222222222222,0.0222222222222222,0.0444444444444444
"Male_Majority_Yes_FPR_ratio",0,0,0,0,0,1.82285714285714,0.254690618762475,0.582648401826484,0.966666666666667,0.644444444444444,0.686021505376344,0.815707762557078,0.381464872944694,0.703030303030303,1.70892857142857,1.47685185185185,0.326342710997442,0.336231884057971,0.783508771929825,0.902564102564103,0,0,0,0,0,1.45126859142607,0.521881390593047,0.477902621722846,0.675132275132275,0.42962962962963
"Male_Majority_Yes_FNR",1,1,1,1,1,0.333333333333333,1,1,1,1,0.666666666666667,0.666666666666667,1,0.666666666666667,0.333333333333333,0.333333333333333,1,1,0.666666666666667,0.666666666666667,1,1,1,1,1,0.333333333333333,1,1,1,1
"Male_Majority_Yes_FNR_ratio",1.06172839506173,1.075,1.02380952380952,1.04878048780488,1.11688311688312,1.79166666666667,2.96551724137931,1.53571428571429,1.28358208955224,4.52631578947368,3.58333333333333,3.18518518518518,3.73913043478261,2.73015873015873,1.68627450980392,2.38888888888889,3.58333333333333,4.3,3.58333333333333,3.58333333333333,1.06172839506173,1.08860759493671,1.04878048780488,1.11688311688312,1.06172839506173,2.20512820512821,2.96551724137931,1.50877192982456,1.34375,4.77777777777778
"Male_Majority_No_proportion_favorable",NA,NA,NA,NA,NA,0.917851500789889,0.992101105845182,0.996840442338073,0.996840442338073,0.995260663507109,0.902053712480253,0.906793048973144,NA,0.879936808846761,0.939968404423381,0.976303317535545,0.87519747235387,0.9826224328594,0.911532385466035,0.908372827804107,NA,NA,NA,NA,NA,0.977883096366509,0.984202211690363,0.992101105845182,0.995260663507109,0.996840442338073
"Male_Majority_No_proportion_favorable_ratio",NA,NA,NA,NA,NA,1.21569735203959,1.11723097505088,1.05096514743076,1.02926220169135,1.14727454006583,1.15796368739442,1.15736190041244,NA,1.11951247944881,1.26765799652513,1.30696561919082,1.1314770166178,1.16909272202189,1.17617081995617,1.16982978468011,NA,NA,NA,NA,NA,1.26504928378591,1.10584518167457,1.0543051071681,1.03943672428941,1.14975829566098
"Male_Majority_No_FPR",0,0,0,0,0,0.0825396825396825,0.00634920634920635,0.00158730158730159,0.00158730158730159,0.00317460317460317,0.0968253968253968,0.0920634920634921,0,0.119047619047619,0.0587301587301587,0.0238095238095238,0.123809523809524,0.0174603174603175,0.0873015873015873,0.0904761904761905,0,0,0,0,0,0.0222222222222222,0.0142857142857143,0.00634920634920635,0.00317460317460317,0.00158730158730159
"Male_Majority_No_FPR_ratio",0,0,0,0,0,0.376145124716553,0.07276874821785,0.041617742987606,0.069047619047619,0.0306878306878307,0.498182283666155,0.48276581865623,0,0.627705627705628,0.250914115646258,0.105489417989418,0.606065034709536,0.132091097308489,0.439724310776942,0.459340659340659,0,0,0,0,0,0.111636045494313,0.167747589833479,0.136543606206528,0.0964474678760393,0.0153439153439153
"Male_Majority_No_FNR",1,1,1,1,1,1,0.666666666666667,0.666666666666667,0.666666666666667,0.666666666666667,0.666666666666667,0.666666666666667,1,0.666666666666667,0.666666666666667,1,0.666666666666667,1,0.666666666666667,0.666666666666667,1,1,1,1,1,1,0.666666666666667,0.666666666666667,0.666666666666667,0.666666666666667
"Male_Majority_No_FNR_ratio",1.06172839506173,1.075,1.02380952380952,1.04878048780488,1.11688311688312,5.375,1.97701149425287,1.02380952380952,0.855721393034826,3.01754385964912,3.58333333333333,3.18518518518518,3.73913043478261,2.73015873015873,3.37254901960784,7.16666666666667,2.38888888888889,4.3,3.58333333333333,3.58333333333333,1.06172839506173,1.08860759493671,1.04878048780488,1.11688311688312,1.06172839506173,6.61538461538462,1.97701149425287,1.00584795321637,0.895833333333333,3.18518518518518
"Female_Minority_Yes_proportion_favorable",NA,NA,0.92,NA,NA,0.2,0.36,0.72,0.84,0.16,0.12,0.12,0.12,0.08,0.16,0.04,0.08,0.08,0.08,0.08,0.92,NA,0.96,NA,NA,0.04,0.36,0.8,0.84,0.2
"Female_Minority_Yes_proportion_favorable_ratio",NA,NA,0.921382073109664,NA,NA,0.264900662251656,0.405405405405405,0.759093305218766,0.867320598864223,0.184438040345821,0.154043645699615,0.1531589023612,0.14002333722287,0.101781170483461,0.21577882670263,0.0535475234270415,0.103425985778927,0.0951814396192742,0.103225806451613,0.103026400515132,0.922768304914744,NA,0.966767371601208,NA,NA,0.0517464424320828,0.404494382022472,0.850159404888417,0.877284595300261,0.230680507497117
"Female_Minority_Yes_FPR",0,0,0,0,0,0.777777777777778,0.555555555555556,0.333333333333333,0.166666666666667,0.777777777777778,0.833333333333333,0.833333333333333,0.833333333333333,0.888888888888889,0.833333333333333,0.944444444444444,0.888888888888889,0.888888888888889,0.888888888888889,0.888888888888889,0,0,0.0555555555555556,0,0,0.944444444444444,0.611111111111111,0.277777777777778,0.222222222222222,0.722222222222222
"Female_Minority_Yes_FPR_ratio",0,0,0,0,0,3.54444444444444,6.36726546906188,8.73972602739726,7.25,7.51851851851852,4.28763440860215,4.36986301369863,7.152466367713,4.68686868686869,3.56026785714286,4.18441358024691,4.35123614663257,6.72463768115942,4.47719298245614,4.51282051282051,0,0,10.6333333333333,0,0,4.74453193350831,7.1758691206544,5.97378277153558,6.75132275132275,6.98148148148148
"Female_Minority_Yes_FNR",1,1,0.714285714285714,1,1,0.142857142857143,0.142857142857143,0.857142857142857,0.857142857142857,0,0,0,0,0,0.142857142857143,0,0,0,0,0,0.714285714285714,1,1,1,1,0,0.285714285714286,1,1,0
"Female_Minority_Yes_FNR_ratio",1.06172839506173,1.075,0.731292517006803,1.04878048780488,1.11688311688312,0.767857142857143,0.423645320197044,1.31632653061224,1.1002132196162,0,0,0,0,0,0.722689075630252,0,0,0,0,0,0.758377425044092,1.08860759493671,1.04878048780488,1.11688311688312,1.06172839506173,0,0.847290640394089,1.50877192982456,1.34375,0
"Female_Minority_No_proportion_favorable",0.965732087227414,0.950155763239875,NA,0.975077881619938,0.947040498442368,0.526479750778816,0.607476635514019,0.809968847352025,0.88785046728972,0.573208722741433,0.485981308411215,0.479750778816199,0.495327102803738,0.49221183800623,0.445482866043614,0.411214953271028,0.485981308411215,0.467289719626168,0.467289719626168,0.473520249221184,0.996884735202492,0.950155763239875,0.968847352024922,0.956386292834891,0.975077881619938,0.482866043613707,0.632398753894081,0.78816199376947,0.850467289719626,0.548286604361371
"Female_Minority_No_proportion_favorable_ratio",0.972539866291455,0.959268817001389,NA,0.980470469200541,0.960000505263424,0.697324173216975,0.684095310263535,0.853947124250949,0.916727379751905,0.660759334572257,0.623852770746104,0.612317522420165,0.577977949595961,0.62622371247612,0.600786063443849,0.550488558595754,0.628288698657033,0.555966352916321,0.602954476936991,0.609813585603585,0.999884388367595,0.959753296201894,0.975677091666588,0.96751268875558,0.979977770472299,0.624664998206607,0.710560397633799,0.837579164473401,0.8882164905688,0.632395160739759
"Female_Minority_No_FPR",0.0243055555555556,0.0381944444444444,0,0.0173611111111111,0.0381944444444444,0.423611111111111,0.347222222222222,0.152777777777778,0.09375,0.375,0.465277777777778,0.472222222222222,0.458333333333333,0.461805555555556,0.513888888888889,0.545138888888889,0.472222222222222,0.482638888888889,0.486111111111111,0.479166666666667,0.00347222222222222,0.0347222222222222,0.0243055555555556,0.0277777777777778,0.0138888888888889,0.46875,0.319444444444444,0.184027777777778,0.125,0.399305555555556
"Female_Minority_No_FPR_ratio",5.16898148148148,5.62339743589744,0,4.74702380952381,4.06134259259259,1.93045634920635,3.97954091816367,4.00570776255708,4.078125,3.625,2.39392921146953,2.47625570776256,3.93385650224215,2.43497474747475,2.19549851190476,2.41526813271605,2.31159420289855,3.65126811594203,2.4484649122807,2.43269230769231,6.64583333333333,5.11217948717949,4.65208333333333,3.79761904761905,5.31666666666667,2.35482283464567,3.75102249488753,3.95763108614232,3.79761904761905,3.8599537037037
"Female_Minority_No_FNR",0.878787878787879,0.848484848484849,1,0.909090909090909,0.818181818181818,0.0909090909090909,0.212121212121212,0.484848484848485,0.727272727272727,0.121212121212121,0.0606060606060606,0.0606060606060606,0.0909090909090909,0.0909090909090909,0.0909090909090909,0.0303030303030303,0.121212121212121,0.0303030303030303,0.0606060606060606,0.0606060606060606,1,0.818181818181818,0.909090909090909,0.818181818181818,0.878787878787879,0.0606060606060606,0.212121212121212,0.545454545454545,0.636363636363636,0.0909090909090909
"Female_Minority_No_FNR_ratio",0.933034044145155,0.912121212121212,1.02380952380952,0.953436807095344,0.913813459268005,0.488636363636364,0.629049111807732,0.744588744588745,0.933514246947083,0.548644338118022,0.325757575757576,0.28956228956229,0.339920948616601,0.372294372294372,0.459893048128342,0.217171717171717,0.434343434343434,0.13030303030303,0.325757575757576,0.325757575757576,1.06172839506173,0.890678941311853,0.953436807095344,0.913813459268005,0.933034044145155,0.400932400932401,0.629049111807732,0.822966507177033,0.855113636363636,0.434343434343434
"Female_Majority_Yes_proportion_favorable",0.958333333333333,0.958333333333333,NA,0.958333333333333,0.854166666666667,0.270833333333333,0.479166666666667,0.708333333333333,0.770833333333333,0.395833333333333,0.291666666666667,0.3125,0.291666666666667,0.3125,0.25,0.229166666666667,0.354166666666667,0.270833333333333,0.270833333333333,0.3125,0.9375,0.9375,0.958333333333333,0.854166666666667,0.958333333333333,0.270833333333333,0.416666666666667,0.666666666666667,0.6875,0.395833333333333
"Female_Majority_Yes_proportion_favorable_ratio",0.965088956025512,0.967524819114925,NA,0.963633316574493,0.865855718871431,0.358719646799117,0.539602102102102,0.746793182217537,0.795904319394252,0.456292026897214,0.374411638853231,0.398851308232291,0.340334500194477,0.397582697201018,0.337154416722859,0.306782686300759,0.457875457875458,0.322228832044418,0.349462365591398,0.402446877012234,0.940320962888666,0.946969696969697,0.965088956025512,0.86410386106896,0.963149078726968,0.350366537300561,0.468164794007491,0.708466170740347,0.718015665796345,0.456555171088043
"Female_Majority_Yes_FPR",0.0277777777777778,0.0277777777777778,0,0.0277777777777778,0.111111111111111,0.666666666666667,0.416666666666667,0.222222222222222,0.194444444444444,0.472222222222222,0.611111111111111,0.583333333333333,0.611111111111111,0.583333333333333,0.694444444444444,0.694444444444444,0.527777777777778,0.638888888888889,0.638888888888889,0.583333333333333,0,0.0555555555555556,0.0277777777777778,0.111111111111111,0.0277777777777778,0.638888888888889,0.444444444444444,0.25,0.25,0.472222222222222
"Female_Majority_Yes_FPR_ratio",5.90740740740741,4.08974358974359,0,7.5952380952381,11.8148148148148,3.03809523809524,4.77544910179641,5.82648401826484,8.45833333333333,4.56481481481481,3.14426523297491,3.05890410958904,5.24514200298954,3.07575757575758,2.96688988095238,3.07677469135802,2.58354646206309,4.83333333333333,3.21798245614035,2.96153846153846,0,8.17948717948718,5.31666666666667,15.1904761904762,10.6333333333333,3.2095363079615,5.21881390593047,5.37640449438202,7.5952380952381,4.56481481481481
"Female_Majority_Yes_FNR",0.916666666666667,0.916666666666667,1,0.916666666666667,0.75,0.0833333333333333,0.166666666666667,0.5,0.666666666666667,0,0,0,0,0,0.0833333333333333,0,0,0,0,0,0.75,0.916666666666667,0.916666666666667,0.75,0.916666666666667,0,0,0.416666666666667,0.5,0
"Female_Majority_Yes_FNR_ratio",0.973251028806584,0.985416666666667,1.02380952380952,0.961382113821138,0.837662337662338,0.447916666666667,0.494252873563218,0.767857142857143,0.855721393034826,0,0,0,0,0,0.42156862745098,0,0,0,0,0,0.796296296296296,0.99789029535865,0.961382113821138,0.837662337662338,0.973251028806584,0,0,0.628654970760234,0.671875,0
"Female_Majority_No_proportion_favorable",0.998330550918197,0.998330550918197,0.998330550918197,0.998330550918197,0.994991652754591,0.789649415692821,0.929883138564274,0.974958263772955,0.989983305509182,0.898163606010017,0.803005008347245,0.808013355592654,0.903171953255426,0.838063439065108,0.757929883138564,0.739565943238731,0.809682804674457,0.886477462437396,0.791318864774624,0.786310517529215,NA,0.998330550918197,0.998330550918197,0.996661101836394,NA,0.756260434056761,0.934891485809683,0.969949916527546,0.986644407345576,0.906510851419032
"Female_Majority_No_proportion_favorable_ratio",1.00536812781289,1.00790565463725,0.999830296362741,1.00385173546324,1.00860785884905,1.04589326581831,1.04716569658139,1.02789484846911,1.02218203976167,1.03534709626515,1.03081515834049,1.03128698863134,1.05387625817436,1.06623847209301,1.02215763066563,0.99004811678545,1.04677802802128,1.05470251331041,1.02105659970919,1.01263427885282,NA,1.00841469789717,1.00536812781289,1.00825604636964,NA,0.978344675364504,1.05043987169627,1.03076505475828,1.03043802333742,1.04557191628493
"Female_Majority_No_FPR",0.00172413793103448,0.00172413793103448,0.00172413793103448,0.00172413793103448,0.00517241379310345,0.191379310344828,0.0551724137931034,0.0206896551724138,0.00689655172413793,0.0810344827586207,0.179310344827586,0.175862068965517,0.0810344827586207,0.148275862068966,0.224137931034483,0.243103448275862,0.181034482758621,0.096551724137931,0.191379310344828,0.196551724137931,0,0.00172413793103448,0.00172413793103448,0.00344827586206897,0,0.225862068965517,0.0517241379310345,0.0258620689655172,0.0120689655172414,0.0741379310344828
"Female_Majority_No_FPR_ratio",0.366666666666667,0.253846153846154,3.3,0.471428571428571,0.55,0.872142857142857,0.632335329341317,0.542465753424658,0.3,0.783333333333333,0.92258064516129,0.922191780821918,0.695515695067265,0.781818181818182,0.957589285714286,1.07708333333333,0.88618925831202,0.730434782608696,0.963947368421053,0.997877984084881,0,0.253846153846154,0.33,0.471428571428571,0,1.13464566929134,0.607361963190184,0.556179775280899,0.366666666666667,0.716666666666667
"Female_Majority_No_FNR",1,1,1,1,1,0.210526315789474,0.473684210526316,0.842105263157895,0.894736842105263,0.263157894736842,0.263157894736842,0.31578947368421,0.421052631578947,0.421052631578947,0.210526315789474,0.210526315789474,0.526315789473684,0.368421052631579,0.263157894736842,0.263157894736842,1,1,1,1,1,0.210526315789474,0.526315789473684,0.842105263157895,0.947368421052632,0.31578947368421
"Female_Majority_No_FNR_ratio",1.06172839506173,1.075,1.02380952380952,1.04878048780488,1.11688311688312,1.13157894736842,1.40471869328494,1.29323308270677,1.14846818538885,1.19113573407202,1.41447368421053,1.50877192982456,1.57437070938215,1.72431077694236,1.06501547987616,1.50877192982456,1.8859649122807,1.58421052631579,1.41447368421053,1.41447368421053,1.06172839506173,1.08860759493671,1.04878048780488,1.11688311688312,1.06172839506173,1.39271255060729,1.56079854809437,1.27054478301016,1.27302631578947,1.50877192982456
"Male_Minority_Yes_FPR_stringent",0.9,0.9,0,0,0,0,0.75,0.85,0,0.9,0,0,0.9,0.8,0,0,0.9,0.9,0,0.95,0,0.9,0.9,0,0,0.95,0.85,0.8,0,0.95
"Male_Minority_Yes_FNR_stringent",0,0,1,1,1,1,0,0,1,0,1,1,0,0,1,1,0,0,1,0,1,0,0,1,1,0,0.25,0,1,0
"Male_Minority_No_FPR_stringent",0.858585858585859,0.872053872053872,0.942760942760943,0,0,0.882154882154882,0.828282828282828,0.794612794612795,0,0.824915824915825,0.929292929292929,0.912457912457912,0.767676767676768,0.821548821548822,0.875420875420875,0.831649831649832,0.885521885521885,0.831649831649832,0.922558922558923,0.936026936026936,0.912457912457912,0.845117845117845,0.861952861952862,0,0,0.808080808080808,0.811447811447811,0.814814814814815,0,0.831649831649832
"Male_Minority_No_FNR_stringent",0,0,0,1,1,0,0.2,0.2,1,0.2,0,0,0,0,0,0,0,0,0,0,0,0,0,1,1,0,0.2,0.2,1,0
"Male_Majority_Yes_FPR_stringent",0.888888888888889,0.933333333333333,0,0,0,0.933333333333333,0.777777777777778,0.822222222222222,0,0.888888888888889,0.911111111111111,0.911111111111111,0.822222222222222,0.866666666666667,0.933333333333333,0.933333333333333,0.888888888888889,0.888888888888889,0.888888888888889,0.933333333333333,0.977777777777778,0.911111111111111,0.888888888888889,0,0,0.933333333333333,0.844444444444444,0.822222222222222,0,0.888888888888889
"Male_Majority_Yes_FNR_stringent",0,0,1,1,1,0,0,0,1,0,0,0,0,0,0,0,0,0,0,0,0,0,0,1,1,0,0,0,1,0
"Male_Majority_No_FPR_stringent",0.820634920634921,0.842857142857143,0.7,0,0,0.603174603174603,0.722222222222222,0.738095238095238,0,0.695238095238095,0.863492063492064,0.863492063492064,0.834920634920635,0.744444444444444,0.596825396825397,0.607936507936508,0.806349206349206,0.726984126984127,0.847619047619048,0.86031746031746,0.719047619047619,0.803174603174603,0.826984126984127,0,0,0.653968253968254,0.747619047619048,0.736507936507937,0,0.666666666666667
"Male_Majority_No_FNR_stringent",0,0,0.666666666666667,1,1,0.666666666666667,0,0,1,0,0,0,0,0,0.666666666666667,0.666666666666667,0,0,0,0,0.666666666666667,0,0,1,1,0.666666666666667,0,0,1,0
"Female_Minority_Yes_FPR_stringent",0,0,0,0,0,0,0.944444444444444,0.944444444444444,0,0,0,0,0,0,0,0,0,0,0,0,0,0,0,0,0,0,0.888888888888889,0.888888888888889,0,0.944444444444444
"Female_Minority_Yes_FNR_stringent",1,1,1,1,1,1,0,0,1,1,1,1,1,1,1,1,1,1,1,1,1,1,1,1,1,1,0,0,1,0
"Female_Minority_No_FPR_stringent",0.965277777777778,0.961805555555556,0,0,0,0.996527777777778,0.854166666666667,0.892361111111111,0,0.951388888888889,0.982638888888889,0.982638888888889,0.923611111111111,0.9375,0,0,0.902777777777778,0.965277777777778,0.986111111111111,0.96875,0,0.975694444444444,0.96875,0,0,0,0.809027777777778,0.857638888888889,0,0.965277777777778
"Female_Minority_No_FNR_stringent",0,0,1,1,1,0,0.0303030303030303,0.0303030303030303,1,0,0,0,0,0,1,1,0,0,0,0,1,0,0,1,1,1,0.0303030303030303,0.0303030303030303,1,0
"Female_Majority_Yes_FPR_stringent",0.916666666666667,0.888888888888889,0,0,0,0,0.833333333333333,0.833333333333333,0,0.944444444444444,0,0,0.944444444444444,0.833333333333333,0,0,0.916666666666667,0.888888888888889,0.972222222222222,0,0,0.944444444444444,0.888888888888889,0,0,0,0.805555555555556,0.861111111111111,0,0.888888888888889
"Female_Majority_Yes_FNR_stringent",0,0,1,1,1,1,0,0,1,0,1,1,0,0,1,1,0,0,0,1,1,0,0,1,1,1,0,0,1,0
"Female_Majority_No_FPR_stringent",0.91551724137931,0.905172413793103,0.991379310344828,0,0,0.975862068965517,0.793103448275862,0.812068965517241,0,0.848275862068966,0.936206896551724,0.920689655172414,0.856896551724138,0.860344827586207,0.975862068965517,0.970689655172414,0.855172413793103,0.931034482758621,0.936206896551724,0.924137931034483,0.994827586206897,0.943103448275862,0.912068965517241,0,0,0.951724137931034,0.818965517241379,0.83448275862069,0,0.898275862068965
"Female_Majority_No_FNR_stringent",0,0,0,1,1,0,0,0,1,0,0,0,0,0,0,0,0,0,0,0,0,0,0,1,1,0,0,0,1,0
"Male_Minority_Yes_FPR_lenient",0.15,0.1,0.15,0.1,0.15,0,0,0,0.05,0.1,0,0.05,0,0.05,0,0,0.05,0.05,0,0,0.15,0.05,0.15,0.15,0.05,0,0,0,0.05,0.05
"Male_Minority_Yes_FNR_lenient",0.5,0.5,0.25,0.25,0.25,1,1,1,0.5,0.5,1,0.75,1,0.75,1,1,0.75,1,1,1,0.5,0.25,0.5,0.25,0.25,1,1,1,0.5,0.5
"Male_Minority_No_FPR_lenient",0,0.00336700336700337,0.0471380471380471,0.0572390572390572,0.0437710437710438,0,0,0,0.00673400673400673,0,0,0,0,0,0,0,0,0,0,0,0.0168350168350168,0,0,0.0673400673400673,0.063973063973064,0,0,0,0.0101010101010101,0
"Male_Minority_No_FNR_lenient",0.8,0.8,0.8,0.6,0.6,1,1,1,0.6,0.8,0.8,1,1,1,1,1,1,1,1,1,0.8,0.8,0.8,0.6,0.6,1,1,1,0.8,0.8
"Male_Majority_Yes_FPR_lenient",0.0222222222222222,0.0222222222222222,0.0888888888888889,0.0666666666666667,0.0666666666666667,0,0,0,0.0222222222222222,0.0222222222222222,0.0222222222222222,0,0,0,0,0,0,0,0,0,0.0444444444444444,0.0222222222222222,0.0222222222222222,0.0666666666666667,0.0666666666666667,0,0,0,0.0222222222222222,0.0222222222222222
"Male_Majority_Yes_FNR_lenient",1,1,1,0.666666666666667,0.666666666666667,1,1,1,1,1,1,1,1,1,1,1,1,1,1,1,1,1,1,0.666666666666667,0.666666666666667,1,1,1,1,1
"Male_Majority_No_FPR_lenient",0,0.00158730158730159,0.00158730158730159,0.0619047619047619,0.0619047619047619,0,0,0,0.00952380952380952,0,0,0,0,0,0.00317460317460317,0,0,0,0,0,0,0,0,0.0619047619047619,0.0714285714285714,0,0,0,0.00317460317460317,0
"Male_Majority_No_FNR_lenient",1,0.666666666666667,1,0.666666666666667,0.666666666666667,1,1,1,0.666666666666667,1,1,1,1,1,1,1,1,1,1,1,1,0.666666666666667,1,0.666666666666667,0.666666666666667,1,1,1,0.666666666666667,1
"Female_Minority_Yes_FPR_lenient",0.666666666666667,0.722222222222222,0.333333333333333,0.833333333333333,0.666666666666667,0.111111111111111,0,0,0.333333333333333,0.166666666666667,0.111111111111111,0.111111111111111,0.222222222222222,0.166666666666667,0.166666666666667,0.222222222222222,0.0555555555555556,0.277777777777778,0.0555555555555556,0.111111111111111,0.5,0.5,0.666666666666667,0.722222222222222,0.611111111111111,0.222222222222222,0,0,0.222222222222222,0.166666666666667
"Female_Minority_Yes_FNR_lenient",0,0,0.428571428571429,0.285714285714286,0.142857142857143,0.714285714285714,1,1,0.857142857142857,0.857142857142857,1,0.857142857142857,0.857142857142857,0.857142857142857,0.428571428571429,0.428571428571429,1,0.571428571428571,1,1,0.285714285714286,0.142857142857143,0.142857142857143,0.285714285714286,0.428571428571429,0.428571428571429,1,1,0.857142857142857,1
"Female_Minority_No_FPR_lenient",0.302083333333333,0.3125,0.274305555555556,0.336805555555556,0.381944444444444,0.0590277777777778,0.0243055555555556,0.00347222222222222,0.149305555555556,0.15625,0.0555555555555556,0.0625,0.09375,0.0590277777777778,0.0590277777777778,0.0486111111111111,0.0659722222222222,0.201388888888889,0.0625,0.0520833333333333,0.309027777777778,0.3125,0.291666666666667,0.375,0.319444444444444,0.0486111111111111,0.0277777777777778,0.0104166666666667,0.159722222222222,0.159722222222222
"Female_Minority_No_FNR_lenient",0.151515151515152,0.181818181818182,0.212121212121212,0.303030303030303,0.242424242424242,0.818181818181818,0.848484848484849,1,0.696969696969697,0.484848484848485,0.787878787878788,0.818181818181818,0.575757575757576,0.636363636363636,0.848484848484849,0.818181818181818,0.606060606060606,0.454545454545455,0.757575757575758,0.696969696969697,0.121212121212121,0.121212121212121,0.121212121212121,0.242424242424242,0.303030303030303,0.787878787878788,0.848484848484849,0.96969696969697,0.636363636363636,0.515151515151515
"Female_Majority_Yes_FPR_lenient",0.472222222222222,0.416666666666667,0.361111111111111,0.416666666666667,0.5,0.0277777777777778,0.0277777777777778,0,0.277777777777778,0.25,0.111111111111111,0.138888888888889,0.194444444444444,0.138888888888889,0.138888888888889,0.138888888888889,0.166666666666667,0.305555555555556,0.111111111111111,0.0833333333333333,0.388888888888889,0.388888888888889,0.444444444444444,0.444444444444444,0.444444444444444,0.0555555555555556,0.0277777777777778,0,0.277777777777778,0.25
"Female_Majority_Yes_FNR_lenient",0,0,0.166666666666667,0.0833333333333333,0.166666666666667,0.583333333333333,0.916666666666667,1,0.5,0.5,0.833333333333333,0.833333333333333,0.416666666666667,0.75,0.583333333333333,0.583333333333333,0.75,0.25,0.833333333333333,0.833333333333333,0,0,0,0.166666666666667,0.0833333333333333,0.5,0.916666666666667,0.916666666666667,0.5,0.416666666666667
"Female_Majority_No_FPR_lenient",0.046551724137931,0.0379310344827586,0.0655172413793104,0.0931034482758621,0.108620689655172,0.00689655172413793,0.00172413793103448,0,0.0120689655172414,0.0172413793103448,0.00517241379310345,0.00517241379310345,0.00517241379310345,0.00689655172413793,0.00689655172413793,0.00172413793103448,0.00517241379310345,0.00344827586206897,0.00689655172413793,0.00689655172413793,0.0586206896551724,0.0344827586206897,0.0448275862068966,0.0982758620689655,0.0948275862068965,0.00172413793103448,0.00172413793103448,0,0.0137931034482759,0.0206896551724138
"Female_Majority_No_FNR_lenient",0.578947368421053,0.736842105263158,0.631578947368421,0.68421052631579,0.473684210526316,1,1,1,0.894736842105263,0.842105263157895,1,1,0.894736842105263,0.947368421052632,1,1,0.894736842105263,0.842105263157895,1,1,0.526315789473684,0.68421052631579,0.526315789473684,0.473684210526316,0.789473684210526,1,1,1,0.894736842105263,0.789473684210526
"Male_Minority_Yes_FPR_train",0,0,0,0,0,0.382352941176471,0.215686274509804,0.00980392156862745,0,0.303921568627451,0.285714285714286,0.285714285714286,0.285714285714286,0.142857142857143,0.428571428571429,0.428571428571429,0.142857142857143,0.285714285714286,0.285714285714286,0.285714285714286,0,0,0,0,0,0.411764705882353,0.196078431372549,0.0196078431372549,0,0.284313725490196
"Male_Minority_Yes_FNR_train",0.8,0.8,1,0.8,0,0.247422680412371,0,0,0,0,0,0,0.2,0,0.2,0.2,0,0.2,0,0,1,0.7,0.8,0,0.9,0.247422680412371,0,0,0,0
"Male_Minority_No_FPR_train",0,0,0,0,0,0.26403162055336,0.0102766798418972,0,0,0.0229249011857708,0,0,0,0,0.321428571428571,0.214285714285714,0,0,0,0,0,0,0,0,0,0.164426877470356,0.0118577075098814,0,0,0.0118577075098814
"Male_Minority_No_FNR_train",1,1,1,1,0,0.484090909090909,0.35,0,0,0.0772727272727273,0.285714285714286,0.238095238095238,0.857142857142857,0.428571428571429,0.523809523809524,0.476190476190476,0.333333333333333,0.904761904761905,0.285714285714286,0.380952380952381,1,1,1,0,1,0.468181818181818,0.115909090909091,0,0,0.0772727272727273
"Male_Majority_Yes_FPR_train",0,0,0,0,0,0.351758793969849,0.0351758793969849,0,0,0.0552763819095477,0,0,0,0,0.5,0.333333333333333,0,0,0,0,0,0,0,0,0,0.251256281407035,0.0301507537688442,0,0,0.0201005025125628
"Male_Majority_Yes_FNR_train",1,1,1,1,0,0.71875,0.375,0,0,0,0,0,1,0.333333333333333,0.666666666666667,0.666666666666667,0.333333333333333,1,0,0,1,1,1,0,1,0.71875,0.375,0,0,0
"Male_Majority_No_FPR_train",0,0,0.000844594594594595,0,0,0.0802364864864865,0.00591216216216216,0.000422297297297297,0,0.00253378378378378,0,0,0,0.0170940170940171,0.0512820512820513,0.0341880341880342,0.0170940170940171,0,0,0,0,0,0,0,0,0.0211148648648649,0.00422297297297297,0,0,0.00126689189189189
"Male_Majority_No_FNR_train",1,1,1,1,0,0.80233918128655,0.288888888888889,0,0,0.0409356725146199,0.175,0.125,1,0.35,0.85,0.975,0.4,0.975,0.2,0.175,1,1,1,0,1,1,0.334502923976608,0,0,0.016374269005848
"Female_Minority_Yes_FPR_train",0.0246913580246914,0.0123456790123457,0.0740740740740741,0,0,0.790123456790123,0.506172839506173,0.0864197530864197,0,0.641975308641975,0.5,0.666666666666667,0.666666666666667,0.5,1,0,0.666666666666667,0.666666666666667,0.666666666666667,0.666666666666667,0.135802469135802,0.0246913580246914,0.0246913580246914,0,0,0.91358024691358,0.493827160493827,0.0987654320987654,0,0.654320987654321
"Female_Minority_Yes_FNR_train",0.423076923076923,0.423076923076923,0.807692307692308,0.615384615384615,0,0.0393162393162393,0,0,0,0,0,0,0,0,0.0384615384615385,1,0,0,0,0,0.692307692307692,0.423076923076923,0.423076923076923,0,0.615384615384615,0,0,0,0,0
"Female_Minority_No_FPR_train",0.00957354221061793,0.00522193211488251,0.000870322019147084,0.00261096605744125,0,0.440382941688425,0.263707571801567,0.0435161009573542,0,0.338555265448216,0.285714285714286,0.285714285714286,0.346938775510204,0.204081632653061,0.448979591836735,0.448979591836735,0.183673469387755,0.428571428571429,0.36734693877551,0.36734693877551,0.00174064403829417,0.00783289817232376,0.00957354221061793,0,0.00174064403829417,0.476066144473455,0.275021758050479,0.0382941688424717,0.000870322019147084,0.355961705831158
"Female_Minority_No_FNR_train",0.753246753246753,0.668831168831169,1,0.766233766233766,0,0.113615595491928,0.0155345720377703,0,0,0,0,0,0.0779220779220779,0.0194805194805195,0.11038961038961,0.0584415584415584,0.012987012987013,0.038961038961039,0,0,0.993506493506494,0.662337662337662,0.753246753246753,0,0.785714285714286,0.047212915016753,0.00913798355162961,0,0,0
"Female_Majority_Yes_FPR_train",0.00598802395209581,0.00598802395209581,0,0,0,0.580838323353293,0.365269461077844,0.0359281437125748,0,0.48502994011976,0.4,0.4,0.8,0.2,0.8,0.8,0.4,0.8,0.4,0.4,0.00598802395209581,0.0119760479041916,0.0119760479041916,0,0,0.646706586826347,0.401197604790419,0.0239520958083832,0,0.508982035928144
"Female_Majority_Yes_FNR_train",0.666666666666667,0.458333333333333,0.958333333333333,0.75,0,0.109259259259259,0.0259259259259259,0,0,0,0,0,0.0833333333333333,0.0416666666666667,0.125,0.125,0.0416666666666667,0.0833333333333333,0,0,0.916666666666667,0.416666666666667,0.666666666666667,0,0.75,0.0666666666666667,0.0259259259259259,0,0,0
"Female_Majority_No_FPR_train",0,0,0.000432338953739732,0,0,0.228707306528318,0.072632944228275,0.0138348465196714,0,0.106355382619974,0.1,0.0727272727272727,0.0727272727272727,0.0363636363636364,0.227272727272727,0.245454545454545,0.0545454545454545,0.0818181818181818,0.0909090909090909,0.0909090909090909,0,0.000432338953739732,0,0,0,0.252918287937743,0.0765239948119326,0.0146995244271509,0.0012970168612192,0.0968439256377
"Female_Majority_No_FNR_train",1,0.897435897435897,1,1,0,0.251931075460487,0.154486036838978,0,0,0.0261437908496732,0.0641025641025641,0.0641025641025641,0.423076923076923,0.128205128205128,0.294871794871795,0.256410256410256,0.0897435897435897,0.371794871794872,0.0641025641025641,0.0897435897435897,1,0.948717948717949,1,0,1,0.2465834818776,0.143790849673203,0,0,0.0261437908496732
