"","logistic_regression__Not_Tuned__Threshold_0.5__MissingData_simple_value_imputation__ScarceOutcome_random_oversampling","logistic_regression__Not_Tuned__Threshold_0.5__MissingData_simple_value_imputation__ScarceOutcome_no_method","xgboost__Not_Tuned__Threshold_0.5__MissingData_simple_value_imputation__ScarceOutcome_no_method","xgboost__Tuned__Threshold_0.5__MissingData_simple_value_imputation__ScarceOutcome_no_method","random_forest__Tuned__Threshold_0.5__MissingData_simple_value_imputation__ScarceOutcome_no_method","random_forest__Not_Tuned__Threshold_0.5__MissingData_simple_value_imputation__ScarceOutcome_no_method","random_forest__Not_Tuned__Threshold_0.5__MissingData_simple_value_imputation__ScarceOutcome_random_oversampling","random_forest__Tuned__Threshold_0.5__MissingData_simple_value_imputation__ScarceOutcome_random_oversampling","xgboost__Tuned__Threshold_0.5__MissingData_simple_value_imputation__ScarceOutcome_random_oversampling","xgboost__Not_Tuned__Threshold_0.5__MissingData_simple_value_imputation__ScarceOutcome_random_oversampling","xgboost__Not_Tuned__Threshold_0.5__MissingData_simple_value_imputation__ScarceOutcome_random_undersampling","logistic_regression__Not_Tuned__Threshold_0.5__MissingData_simple_value_imputation__ScarceOutcome_random_undersampling","xgboost__Tuned__Threshold_0.5__MissingData_simple_value_imputation__ScarceOutcome_random_undersampling","random_forest__Tuned__Threshold_0.5__MissingData_simple_value_imputation__ScarceOutcome_random_undersampling","random_forest__Not_Tuned__Threshold_0.5__MissingData_simple_value_imputation__ScarceOutcome_random_undersampling","logistic_regression__Not_Tuned__Threshold_0.5__MissingData_Miss_Forest_Imputation__ScarceOutcome_no_method","xgboost__Not_Tuned__Threshold_0.5__MissingData_Miss_Forest_Imputation__ScarceOutcome_no_method","xgboost__Tuned__Threshold_0.5__MissingData_Miss_Forest_Imputation__ScarceOutcome_no_method","random_forest__Tuned__Threshold_0.5__MissingData_Miss_Forest_Imputation__ScarceOutcome_no_method","random_forest__Not_Tuned__Threshold_0.5__MissingData_Miss_Forest_Imputation__ScarceOutcome_no_method","random_forest__Not_Tuned__Threshold_0.5__MissingData_Miss_Forest_Imputation__ScarceOutcome_random_oversampling","logistic_regression__Not_Tuned__Threshold_0.5__MissingData_Miss_Forest_Imputation__ScarceOutcome_random_oversampling","xgboost__Not_Tuned__Threshold_0.5__MissingData_Miss_Forest_Imputation__ScarceOutcome_random_oversampling","xgboost__Tuned__Threshold_0.5__MissingData_Miss_Forest_Imputation__ScarceOutcome_random_oversampling","random_forest__Tuned__Threshold_0.5__MissingData_Miss_Forest_Imputation__ScarceOutcome_random_oversampling","random_forest__Tuned__Threshold_0.5__MissingData_Miss_Forest_Imputation__ScarceOutcome_random_undersampling","random_forest__Not_Tuned__Threshold_0.5__MissingData_Miss_Forest_Imputation__ScarceOutcome_random_undersampling","xgboost__Not_Tuned__Threshold_0.5__MissingData_Miss_Forest_Imputation__ScarceOutcome_random_undersampling","xgboost__Tuned__Threshold_0.5__MissingData_Miss_Forest_Imputation__ScarceOutcome_random_undersampling","logistic_regression__Not_Tuned__Threshold_0.5__MissingData_Miss_Forest_Imputation__ScarceOutcome_random_undersampling"
"auc",0.89267986303868,0.89473968569133,0.879007368086928,0.881195507560563,0.85820653605365,0.837773770691088,0.876461292217921,0.835521472806963,0.86062767186011,0.878575143005718,0.866098020544201,0.890478216531268,0.875728535634932,0.873797029803265,0.876471422493263,0.89915648573996,0.887830837908843,0.885294892315181,0.858341606391529,0.847309736545306,0.876653767449399,0.897116923637994,0.87796732648527,0.862329558117391,0.831445725361483,0.880780166271587,0.882279447022037,0.880938873918597,0.881094204807153,0.896063375002544
"accuracy_test",0.832,0.96,0.9585,0.9585,0.9615,0.9615,0.879,0.9485,0.9325,0.873,0.821,0.8075,0.8495,0.844,0.8395,0.961,0.959,0.9585,0.9605,0.96,0.88,0.8345,0.8775,0.9255,0.949,0.8405,0.845,0.8235,0.8615,0.811
"accuracy_train",0.835778854971833,0.95575,0.964,0.959375,0.964875,0.9635,0.942421066422115,1,0.994432071269488,0.919821826280624,0.915531335149864,0.848773841961853,0.874659400544959,0.938692098092643,0.94141689373297,0.95525,0.962625,0.958875,0.96425,0.964875,0.943665662255994,0.837154460893489,0.912550766409013,0.992270404821171,1,0.869209809264305,0.940054495912807,0.919618528610354,0.858310626702997,0.852861035422343
"precision",0.161879895561358,0.444444444444444,0.333333333333333,0.25,0.5,0.5,0.197802197802198,0.296875,0.25,0.193771626297578,0.154791154791155,0.146788990825688,0.172514619883041,0.1671388101983,0.162983425414365,0.481481481481481,0.352941176470588,0.375,0.416666666666667,0.384615384615385,0.199261992619926,0.16578947368421,0.2,0.214285714285714,0.313432835820896,0.165745856353591,0.169971671388102,0.153266331658291,0.183544303797468,0.152424942263279
"recall",0.805194805194805,0.155844155844156,0.0779220779220779,0.038961038961039,0.0779220779220779,0.0649350649350649,0.701298701298701,0.246753246753247,0.376623376623377,0.727272727272727,0.818181818181818,0.831168831168831,0.766233766233766,0.766233766233766,0.766233766233766,0.168831168831169,0.0779220779220779,0.116883116883117,0.0649350649350649,0.0649350649350649,0.701298701298701,0.818181818181818,0.727272727272727,0.350649350649351,0.272727272727273,0.779220779220779,0.779220779220779,0.792207792207792,0.753246753246753,0.857142857142857
"f1_score",0.269565217391304,0.230769230769231,0.126315789473684,0.0674157303370786,0.134831460674157,0.114942528735632,0.308571428571429,0.269503546099291,0.300518134715026,0.306010928961749,0.260330578512397,0.249512670565302,0.281622911694511,0.274418604651163,0.26879271070615,0.25,0.127659574468085,0.178217821782178,0.112359550561798,0.111111111111111,0.310344827586207,0.275711159737418,0.313725490196078,0.266009852216749,0.291666666666667,0.273348519362187,0.27906976744186,0.256842105263158,0.295165394402036,0.258823529411765
"AUC_male_majority_nondisabled",0.817928902627507,0.827511591962901,0.835548686244202,0.838639876352393,0.743431221020093,0.684234930448223,0.88160741885626,0.669088098918084,0.875734157650696,0.890571870170014,0.85394126738794,0.829675425038634,0.819938176197834,0.832302936630602,0.851468315301391,0.8710973724884,0.84064914992272,0.862751159196288,0.772797527047913,0.791190108191654,0.838330757341577,0.863987635239559,0.854714064914992,0.852859350850077,0.737557959814529,0.856105100463677,0.835239567233385,0.909737248840802,0.855950540958269,0.866460587326111
"AUC_male_majority_disabled",0.577777777777778,0.6,0.388888888888889,0.644444444444444,0.65,0.766666666666667,0.688888888888889,0.377777777777778,0.488888888888889,0.433333333333333,0.688888888888888,0.544444444444444,0.622222222222222,0.6,0.588888888888889,0.611111111111111,0.455555555555556,0.477777777777778,0.622222222222222,0.755555555555556,0.527777777777778,0.6,0.455555555555555,0.511111111111111,0.638888888888889,0.455555555555556,0.555555555555555,0.455555555555556,0.527777777777778,0.544444444444444
"AUC_male_minority_nondisabled",0.825347066726375,0.831168831168828,0.8038513210927,0.821316614420061,0.822212270488133,0.763546798029557,0.796462158531124,0.773175100761309,0.729959695476939,0.79243170622481,0.768025078369905,0.828481862964619,0.79153605015674,0.811912225705328,0.819077474249888,0.839229735781457,0.815942678011643,0.812136139722346,0.829153605015674,0.777877295118675,0.837662337662337,0.837886251679352,0.803403493058665,0.742498880429917,0.743170622480968,0.821988356471114,0.819301388266904,0.79310344827586,0.805866547245857,0.839229735781457
"AUC_male_minority_disabled",0.779411764705882,0.779411764705882,0.661764705882353,0.705882352941177,0.753676470588236,0.716911764705882,0.768382352941176,0.790441176470588,0.661764705882353,0.757352941176471,0.669117647058824,0.764705882352941,0.676470588235294,0.676470588235294,0.683823529411765,0.794117647058824,0.794117647058823,0.75,0.8125,0.801470588235294,0.764705882352941,0.786764705882353,0.794117647058824,0.720588235294118,0.882352941176471,0.735294117647059,0.6875,0.75735294117647,0.753676470588235,0.794117647058824
"AUC_female_majority_nondisabled",0.894975972040196,0.898034076015732,0.900873743993011,0.900087374399302,0.836784622105723,0.811052861511577,0.872389689820881,0.792660550458715,0.864919178680647,0.897072957623417,0.86400174748799,0.890694626474446,0.890388816076894,0.857841852337265,0.860943643512451,0.898121450415033,0.907295762341633,0.898514635211884,0.816251638269987,0.803844473569244,0.862953254696373,0.895325469637402,0.889121887287027,0.849104412407169,0.77304499781564,0.888685015290521,0.871428571428572,0.867103538663172,0.875797291393621,0.89104412407165
"AUC_female_majority_disabled",0.84375,0.84375,0.848958333333333,0.869791666666666,0.84375,0.84375,0.8671875,0.817708333333333,0.765625,0.833333333333333,0.8046875,0.84375,0.822916666666667,0.869791666666667,0.869791666666667,0.84375,0.848958333333333,0.859375,0.854166666666667,0.848958333333333,0.854166666666667,0.84375,0.776041666666667,0.71875,0.8125,0.796875,0.84375,0.8125,0.848958333333333,0.84375
"AUC_female_minority_nondisabled",0.859286293592861,0.860908353609082,0.861922141119222,0.862935928629358,0.8470532576372,0.844687753446877,0.863814544471478,0.862665585293323,0.856853203568533,0.854217356042174,0.847053257637199,0.853338740200052,0.859489051094889,0.870708299540416,0.868004866180049,0.864963503649633,0.85698837523655,0.85779940524466,0.846715328467153,0.84205190592052,0.850770478507704,0.86185455528521,0.864422816977561,0.86699107866991,0.859015950256826,0.818532035685319,0.863949716139498,0.858813192754799,0.852460124357934,0.861178696945118
"AUC_female_minority_disabled",0.748148148148148,0.733333333333333,0.644444444444444,0.674074074074074,0.692592592592592,0.725925925925926,0.722222222222222,0.7,0.733333333333333,0.674074074074074,0.518518518518518,0.733333333333333,0.574074074074074,0.648148148148148,0.614814814814815,0.725925925925926,0.662962962962963,0.651851851851852,0.725925925925926,0.722222222222222,0.696296296296296,0.74074074074074,0.562962962962963,0.459259259259259,0.67037037037037,0.762962962962963,0.662962962962963,0.481481481481481,0.677777777777778,0.74074074074074
"proportion_favorable_benchmark_test",0.8085,0.9865,0.991,0.994,0.994,0.995,0.8635,0.968,0.942,0.8555,0.7965,0.782,0.829,0.8235,0.819,0.9865,0.9915,0.988,0.994,0.9935,0.8645,0.81,0.86,0.937,0.9665,0.819,0.8235,0.801,0.842,0.7835
"FPR_benchmark_test",0.166926677067083,0.0078003120124805,0.0062402496099844,0.0046801872074883,0.0031201248049922,0.00260010400416017,0.113884555382215,0.0234009360374415,0.0452418096723869,0.121164846593864,0.178887155486219,0.193447737909516,0.147165886635465,0.152886115444618,0.157566302652106,0.00728029121164847,0.00572022880915237,0.0078003120124805,0.00364014560582423,0.00416016640665627,0.112844513780551,0.164846593863755,0.116484659386375,0.0514820592823713,0.0239209568382735,0.157046281851274,0.152366094643786,0.175247009880395,0.134165366614665,0.190847633905356
"FNR_benchmark_test",0.194805194805195,0.844155844155844,0.922077922077922,0.961038961038961,0.922077922077922,0.935064935064935,0.298701298701299,0.753246753246753,0.623376623376623,0.272727272727273,0.181818181818182,0.168831168831169,0.233766233766234,0.233766233766234,0.233766233766234,0.831168831168831,0.922077922077922,0.883116883116883,0.935064935064935,0.935064935064935,0.298701298701299,0.181818181818182,0.272727272727273,0.649350649350649,0.727272727272727,0.220779220779221,0.220779220779221,0.207792207792208,0.246753246753247,0.142857142857143
"FPR_train",0.184593213677453,0.00497838333551684,0.000917070614437312,0.00131010087776759,0.000262020175553518,0.000262020175553518,0.110572514083584,0,0.0111358574610245,0.117516048735753,0.0762942779291553,0.171662125340599,0.103542234332425,0.0871934604904632,0.0844686648501362,0.00589545394995415,0.000917070614437312,0.00248919166775842,0.000655050438883794,0.000393030263330276,0.110179483820254,0.181842001834141,0.117909078999083,0.0154591903576575,0,0.119891008174387,0.0817438692098093,0.0735694822888283,0.100817438692098,0.168937329700272
"FNR_train",0.143849076378881,0.861035422343324,0.76566757493188,0.858310626702997,0.760217983651226,0.790190735694823,0.00458535307218656,0,0,0.0428402987030001,0.0926430517711172,0.130790190735695,0.147138964577657,0.0354223433242507,0.0326975476839237,0.852861035422343,0.795640326975477,0.844686648501362,0.76566757493188,0.757493188010899,0.00248919166775842,0.143849076378881,0.0569893881828901,0,0,0.141689373297003,0.0381471389645777,0.0871934604904632,0.182561307901907,0.125340599455041
"FPR_lenient",0.0114404576183047,0.0738429537181487,0.0686427457098284,0.0743629745189808,0.103484139365575,0.101404056162246,0.0369214768590744,0.0358814352574103,0.00260010400416017,0.00520020800832033,0.0145605824232969,0.0109204368174727,0.0171606864274571,0.0093603744149766,0.0114404576183047,0.0759230369214769,0.0712428497139886,0.0759230369214769,0.106084243369735,0.107644305772231,0.0358814352574103,0.0114404576183047,0.0078003120124805,0.00260010400416017,0.0364014560582423,0.0218408736349454,0.0109204368174727,0.0166406656266251,0.0223608944357774,0.0093603744149766
"FNR_lenient",0.792207792207792,0.402597402597403,0.454545454545455,0.428571428571429,0.415584415584416,0.415584415584416,0.61038961038961,0.584415584415584,0.974025974025974,0.935064935064935,0.805194805194805,0.818181818181818,0.792207792207792,0.818181818181818,0.831168831168831,0.402597402597403,0.441558441558442,0.467532467532468,0.38961038961039,0.38961038961039,0.584415584415584,0.805194805194805,0.935064935064935,0.987012987012987,0.61038961038961,0.857142857142857,0.779220779220779,0.779220779220779,0.662337662337662,0.818181818181818
"FPR_stringent",0.806552262090484,0.880395215808632,0.908476339053562,0.894955798231929,1,1,1,1,0.792511700468019,0.798231929277171,0.845553822152886,0.814872594903796,0.812272490899636,0.899115964638586,0.901716068642746,0.881955278211128,0.901716068642746,0.884555382215289,1,1,1,0.806552262090484,0.788871554862195,0.789391575663027,1,0.83619344773791,0.883515340613625,0.838273530941238,1,0.817992719708788
"FNR_stringent",0,0,0.012987012987013,0,0,0,0,0,0.012987012987013,0.038961038961039,0.012987012987013,0,0.025974025974026,0,0,0,0,0,0,0,0,0,0.012987012987013,0.012987012987013,0,0,0,0,0,0
"Male_proportion_favorable",0.925682031984948,NA,NA,NA,NA,NA,0.956726246472248,0.992474129821261,0.985888993414864,0.951081843838194,0.904985888993415,0.900282220131703,0.931326434619003,0.924741298212606,0.920037629350894,NA,NA,NA,NA,NA,0.956726246472248,0.924741298212606,0.952963311382879,0.981185324553151,0.993414863593603,0.922859830667921,0.920978363123236,0.918156161806209,0.951081843838194,0.898400752587018
"Male_FPR",0.0669856459330144,0,0,0,0,0,0.0373205741626794,0.00669856459330144,0.0124401913875598,0.0430622009569378,0.0880382775119617,0.091866028708134,0.062200956937799,0.0688995215311005,0.0736842105263158,0,0,0,0,0,0.0373205741626794,0.0669856459330144,0.0411483253588517,0.0181818181818182,0.00574162679425837,0.0698564593301435,0.0717703349282297,0.0746411483253589,0.0430622009569378,0.0909090909090909
"Male_FNR",0.5,1,1,1,1,1,0.611111111111111,0.944444444444444,0.888888888888889,0.611111111111111,0.5,0.444444444444444,0.555555555555556,0.555555555555556,0.555555555555556,1,1,1,1,1,0.611111111111111,0.444444444444444,0.611111111111111,0.944444444444444,0.944444444444444,0.5,0.5,0.5,0.611111111111111,0.277777777777778
"Female_proportion_favorable",0.67556029882604,0.971184631803629,0.980789754535752,0.987193169690502,0.987193169690502,0.989327641408751,0.757737459978655,0.940234791889007,0.892209178228389,0.747065101387407,0.673425827107791,0.647812166488794,0.712913553895411,0.708644610458911,0.704375667022412,0.971184631803629,0.981856990394877,0.974386339381003,0.987193169690502,0.986125933831377,0.759871931696905,0.67982924226254,0.754535752401281,0.886872998932764,0.935965848452508,0.701173959445037,0.712913553895411,0.668089647812167,0.718249733191035,0.653148345784418
"Female_FPR",0.285876993166287,0.0170842824601367,0.0136674259681093,0.010250569476082,0.00683371298405467,0.00569476082004556,0.20501138952164,0.0432801822323462,0.0842824601366743,0.214123006833713,0.287015945330296,0.314350797266515,0.248291571753986,0.252847380410023,0.257403189066059,0.0159453302961276,0.0125284738041002,0.0170842824601367,0.00797266514806378,0.00911161731207289,0.202733485193622,0.281321184510251,0.206150341685649,0.0911161731207289,0.0455580865603645,0.260820045558087,0.248291571753986,0.29498861047836,0.242596810933941,0.309794988610478
"Female_FNR",0.101694915254237,0.796610169491525,0.898305084745763,0.949152542372881,0.898305084745763,0.915254237288136,0.203389830508475,0.694915254237288,0.542372881355932,0.169491525423729,0.0847457627118644,0.0847457627118644,0.135593220338983,0.135593220338983,0.135593220338983,0.779661016949153,0.898305084745763,0.847457627118644,0.915254237288136,0.915254237288136,0.203389830508475,0.101694915254237,0.169491525423729,0.559322033898305,0.661016949152542,0.135593220338983,0.135593220338983,0.11864406779661,0.135593220338983,0.101694915254237
"Disabled_proportion_favourable",0.541935483870968,0.929032258064516,0.980645161290323,0.974193548387097,0.980645161290323,0.987096774193548,0.625806451612903,0.903225806451613,0.851612903225806,0.606451612903226,0.529032258064516,0.490322580645161,0.567741935483871,0.567741935483871,0.554838709677419,0.92258064516129,0.967741935483871,0.954838709677419,0.967741935483871,0.967741935483871,0.619354838709677,0.541935483870968,0.593548387096774,0.780645161290323,0.909677419354839,0.574193548387097,0.580645161290323,0.548387096774194,0.574193548387097,0.503225806451613
"Disabled_FPR",0.41304347826087,0.0507246376811594,0.0144927536231884,0.0217391304347826,0.0144927536231884,0.0072463768115942,0.326086956521739,0.0797101449275362,0.115942028985507,0.347826086956522,0.427536231884058,0.471014492753623,0.391304347826087,0.391304347826087,0.405797101449275,0.0507246376811594,0.0289855072463768,0.036231884057971,0.0289855072463768,0.0289855072463768,0.333333333333333,0.41304347826087,0.36231884057971,0.202898550724638,0.0652173913043478,0.384057971014493,0.376811594202899,0.405797101449275,0.376811594202899,0.449275362318841
"Disabled_FNR",0.176470588235294,0.764705882352941,0.941176470588235,0.941176470588235,0.941176470588235,0.941176470588235,0.235294117647059,0.764705882352941,0.588235294117647,0.235294117647059,0.176470588235294,0.176470588235294,0.235294117647059,0.235294117647059,0.235294117647059,0.705882352941177,0.941176470588235,0.88235294117647,0.941176470588235,0.941176470588235,0.235294117647059,0.176470588235294,0.235294117647059,0.647058823529412,0.705882352941177,0.235294117647059,0.235294117647059,0.176470588235294,0.176470588235294,0.117647058823529
"Abled_proportion_favorable",0.83089430894309,0.991327913279133,0.991869918699187,0.995663956639566,0.995121951219512,0.995663956639566,0.883468834688347,0.973441734417344,0.949593495934959,0.876422764227642,0.818970189701897,0.80650406504065,0.850948509485095,0.844986449864499,0.841192411924119,0.991869918699187,0.99349593495935,0.990785907859079,0.996205962059621,0.995663956639566,0.88509485094851,0.832520325203252,0.882384823848238,0.950135501355014,0.971273712737127,0.839566395663957,0.84390243902439,0.822222222222222,0.86449864498645,0.807046070460705
"Abled_FPR",0.147899159663866,0.00448179271708683,0.00560224089635854,0.00336134453781513,0.00224089635854342,0.00224089635854342,0.0974789915966387,0.019047619047619,0.0397759103641457,0.103641456582633,0.159663865546218,0.171988795518207,0.128291316526611,0.134453781512605,0.138375350140056,0.00392156862745098,0.00392156862745098,0.00560224089635854,0.00168067226890756,0.00224089635854342,0.0957983193277311,0.145658263305322,0.0974789915966387,0.0397759103641457,0.0207282913165266,0.139495798319328,0.135014005602241,0.157422969187675,0.115406162464986,0.170868347338936
"Abled_FNR",0.2,0.866666666666667,0.916666666666667,0.966666666666667,0.916666666666667,0.933333333333333,0.316666666666667,0.75,0.633333333333333,0.283333333333333,0.183333333333333,0.166666666666667,0.233333333333333,0.233333333333333,0.233333333333333,0.866666666666667,0.916666666666667,0.883333333333333,0.933333333333333,0.933333333333333,0.316666666666667,0.183333333333333,0.283333333333333,0.65,0.733333333333333,0.216666666666667,0.216666666666667,0.216666666666667,0.266666666666667,0.15
"Minority_proportion_favorable",0.685796269727403,0.971305595408895,0.985652797704448,0.988522238163558,0.987087517934003,0.989956958393113,0.75609756097561,0.938307030129125,0.892395982783357,0.748923959827834,0.670014347202296,0.651362984218077,0.718794835007174,0.703012912482066,0.697274031563845,0.97274031563845,0.985652797704448,0.974175035868006,0.988522238163558,0.987087517934003,0.760401721664275,0.684361549497848,0.75896700143472,0.883787661406026,0.941176470588235,0.691535150645624,0.700143472022956,0.662840746054519,0.723098995695839,0.641319942611191
"Minority_FPR",0.276758409785933,0.0152905198776758,0.0091743119266055,0.0091743119266055,0.00611620795107034,0.00611620795107034,0.207951070336391,0.0443425076452599,0.0825688073394495,0.215596330275229,0.292048929663609,0.311926605504587,0.246177370030581,0.261467889908257,0.267584097859327,0.0137614678899083,0.00764525993883792,0.0168195718654434,0.00764525993883792,0.0091743119266055,0.203363914373089,0.276758409785933,0.204892966360856,0.0932721712538226,0.0412844036697248,0.27217125382263,0.262996941896024,0.301223241590214,0.241590214067278,0.319571865443425
"Minority_FNR",0.116279069767442,0.767441860465116,0.906976744186046,0.953488372093023,0.883720930232558,0.930232558139535,0.209302325581395,0.674418604651163,0.511627906976744,0.209302325581395,0.0930232558139535,0.0930232558139535,0.186046511627907,0.162790697674419,0.162790697674419,0.767441860465116,0.883720930232558,0.837209302325581,0.930232558139535,0.930232558139535,0.209302325581395,0.0930232558139535,0.209302325581395,0.534883720930233,0.674418604651163,0.13953488372093,0.13953488372093,0.116279069767442,0.186046511627907,0.0465116279069767
"Majority_proportion_favorable",0.874136607828089,0.994627782041443,0.993860322333078,0.996930161166539,0.997697620874904,0.997697620874904,0.920951650038373,0.983883346124328,0.968534151957022,0.912509593246355,0.86415963161934,0.851880276285495,0.887950882578665,0.887950882578665,0.884113584036838,0.993860322333078,0.994627782041443,0.995395241749808,0.996930161166539,0.996930161166539,0.920184190330008,0.87720644666155,0.914044512663085,0.965464313123561,0.980046047582502,0.887183422870299,0.889485801995395,0.874904067536454,0.905602455871067,0.859554873369148
"Majority_FPR",0.110323089046493,0.00394011032308905,0.00472813238770686,0.00236406619385343,0.00157604412923562,0.000788022064617809,0.0654058313632782,0.012608353033885,0.0260047281323877,0.0724980299448384,0.120567375886525,0.132387706855792,0.0961386918833727,0.0969267139479905,0.10086682427108,0.00394011032308905,0.00472813238770686,0.00315208825847124,0.00157604412923562,0.00157604412923562,0.066193853427896,0.107171000788022,0.0709219858156028,0.0299448384554768,0.0149724192277384,0.0977147360126084,0.0953506698187549,0.110323089046493,0.0788022064617809,0.124507486209614
"Majority_FNR",0.294117647058824,0.941176470588235,0.941176470588235,0.970588235294118,0.970588235294118,0.941176470588235,0.411764705882353,0.852941176470588,0.764705882352941,0.352941176470588,0.294117647058824,0.264705882352941,0.294117647058824,0.323529411764706,0.323529411764706,0.911764705882353,0.970588235294118,0.941176470588235,0.941176470588235,0.941176470588235,0.411764705882353,0.294117647058824,0.352941176470588,0.794117647058823,0.794117647058823,0.323529411764706,0.323529411764706,0.323529411764706,0.323529411764706,0.264705882352941
"Male_Minority_Yes_proportion_favorable",0.578947368421053,NA,NA,NA,NA,NA,0.68421052631579,0.868421052631579,0.842105263157895,0.657894736842105,0.552631578947368,0.552631578947368,0.605263157894737,0.631578947368421,0.605263157894737,NA,NA,NA,NA,NA,0.68421052631579,0.578947368421053,0.657894736842105,0.868421052631579,0.921052631578947,0.605263157894737,0.631578947368421,0.605263157894737,0.631578947368421,0.526315789473684
"Male_Minority_Yes_proportion_favorable_ratio",0.716075904045829,NA,NA,NA,NA,NA,0.792368878188523,0.897129186602871,0.893954631802436,0.76901781045249,0.693824957874913,0.706689998653924,0.730112373817535,0.766944684114658,0.739027054816529,NA,NA,NA,NA,NA,0.791452314998021,0.714749837556855,0.76499388004896,0.926810088187384,0.952977373594358,0.739027054816529,0.766944684114658,0.755634404362967,0.750093761720215,0.671749571759648
"Male_Minority_Yes_FPR",0.382352941176471,0,0,0,0,0,0.264705882352941,0.117647058823529,0.117647058823529,0.294117647058824,0.411764705882353,0.411764705882353,0.352941176470588,0.323529411764706,0.352941176470588,0,0,0,0,0,0.264705882352941,0.382352941176471,0.294117647058824,0.117647058823529,0.0588235294117647,0.352941176470588,0.323529411764706,0.352941176470588,0.323529411764706,0.411764705882353
"Male_Minority_Yes_FPR_ratio",2.29054425508521,0,0,0,0,0,2.32433521353747,5.02745098039216,2.60040567951318,2.42741731885887,2.30181258549932,2.12855787476281,2.39825400124714,2.11614645858343,2.23995340710542,0,0,0,0,0,2.34575765790187,2.31944702171089,2.5249474789916,2.28520499108734,2.45907928388747,2.24737047136736,2.12336880144549,2.01396404259033,2.41142270861833,2.15755730084949
"Male_Minority_Yes_FNR",0.25,1,1,1,1,1,0.25,0.75,0.5,0.25,0.25,0.25,0.25,0.25,0.25,1,1,1,1,1,0.25,0.25,0.25,0.75,0.75,0.25,0.25,0.25,0.25,0
"Male_Minority_Yes_FNR_ratio",1.28333333333333,1.18461538461538,1.08450704225352,1.04054054054054,1.08450704225352,1.06944444444444,0.83695652173913,0.995689655172414,0.802083333333333,0.916666666666667,1.375,1.48076923076923,1.06944444444444,1.06944444444444,1.06944444444444,1.203125,1.08450704225352,1.13235294117647,1.06944444444444,1.06944444444444,0.83695652173913,1.375,0.916666666666667,1.155,1.03125,1.13235294117647,1.13235294117647,1.203125,1.01315789473684,0
"Male_Minority_No_proportion_favorable",0.911042944785276,NA,NA,NA,NA,NA,0.95398773006135,NA,0.99079754601227,0.947852760736196,0.877300613496933,0.865030674846626,0.923312883435583,0.904907975460123,0.895705521472393,NA,NA,NA,NA,NA,0.957055214723926,0.907975460122699,0.960122699386503,0.987730061349693,NA,0.901840490797546,0.898773006134969,0.886503067484663,0.950920245398773,0.849693251533742
"Male_Minority_No_proportion_favorable_ratio",1.12683110053837,NA,NA,NA,NA,NA,1.10479181246248,NA,1.05180206583044,1.1079517951329,1.10144458693902,1.10617733356346,1.11376704877634,1.09885607220416,1.09365753537533,NA,NA,NA,NA,NA,1.10706213386226,1.12095735817617,1.11642174347268,1.054140940608,NA,1.10114834041214,1.0914062005282,1.10674540260257,1.1293589612812,1.08448404790522
"Male_Minority_No_FPR",0.0783699059561129,0,0,0,0,0,0.0407523510971787,0,0.00940438871473354,0.0470219435736677,0.112852664576803,0.122257053291536,0.0689655172413793,0.0877742946708464,0.0971786833855799,0,0,0,0,0,0.0376175548589342,0.0783699059561129,0.0344827586206897,0.0125391849529781,0,0.0877742946708464,0.0909090909090909,0.103448275862069,0.0438871473354232,0.134796238244514
"Male_Minority_No_FPR_ratio",0.46948700670905,0,0,0,0,0,0.357839137716322,0,0.207869419522214,0.388082392670228,0.630859517387184,0.631990089998989,0.468624345071281,0.574115539632781,0.61674788168472,0,0,0,0,0,0.333357410109357,0.475411132976672,0.296028325123153,0.243564168329059,0,0.558907180967012,0.596649084703692,0.590299805586821,0.32711234234891,0.70630290502507
"Male_Minority_No_FNR",0.428571428571429,1,1,1,1,1,0.714285714285714,1,1,0.714285714285714,0.428571428571429,0.285714285714286,0.571428571428571,0.571428571428571,0.571428571428571,1,1,1,1,1,0.714285714285714,0.285714285714286,0.714285714285714,1,1,0.428571428571429,0.428571428571429,0.428571428571429,0.714285714285714,0.142857142857143
"Male_Minority_No_FNR_ratio",2.2,1.18461538461538,1.08450704225352,1.04054054054054,1.08450704225352,1.06944444444444,2.39130434782609,1.32758620689655,1.60416666666667,2.61904761904762,2.35714285714286,1.69230769230769,2.44444444444444,2.44444444444444,2.44444444444444,1.203125,1.08450704225352,1.13235294117647,1.06944444444444,1.06944444444444,2.39130434782609,1.57142857142857,2.61904761904762,1.54,1.375,1.94117647058824,1.94117647058824,2.0625,2.89473684210526,1
"Male_Majority_Yes_proportion_favorable",0.829787234042553,NA,NA,NA,NA,NA,0.872340425531915,0.978723404255319,0.957446808510638,0.851063829787234,0.829787234042553,0.787234042553192,0.851063829787234,0.829787234042553,0.829787234042553,NA,NA,NA,NA,NA,0.872340425531915,0.829787234042553,0.851063829787234,0.893617021276596,0.978723404255319,0.872340425531915,0.872340425531915,0.851063829787234,0.872340425531915,0.829787234042553
"Male_Majority_Yes_proportion_favorable_ratio",1.0263292938065,NA,NA,NA,NA,NA,1.01023789870517,1.01107789695797,1.0163978858924,0.9948145292662,1.0417918820371,1.006693149045,1.02661499371198,1.00763477115064,1.01317122593718,NA,NA,NA,NA,NA,1.00906931813987,1.02442868400315,0.98960910440376,0.953700129430732,1.01264708148507,1.06512872470319,1.05930834915837,1.06250166015884,1.03603375953909,1.05907751632745
"Male_Majority_Yes_FPR",0.177777777777778,0,0,0,0,0,0.133333333333333,0.0222222222222222,0.0444444444444444,0.155555555555556,0.177777777777778,0.222222222222222,0.155555555555556,0.177777777777778,0.177777777777778,0,0,0,0,0,0.133333333333333,0.177777777777778,0.155555555555556,0.111111111111111,0.0222222222222222,0.133333333333333,0.133333333333333,0.155555555555556,0.133333333333333,0.177777777777778
"Male_Majority_Yes_FPR_ratio",1.065005192108,0,0,0,0,0,1.17077625570776,0.94962962962963,0.982375478927203,1.28383404864092,0.993798449612403,1.14874551971326,1.05700824499411,1.16281179138322,1.12827282728273,0,0,0,0,0,1.1815668202765,1.07844374342797,1.33541666666667,2.15824915824916,0.928985507246377,0.849006622516556,0.875085324232082,0.887636003956479,0.993798449612403,0.931516802906449
"Male_Majority_Yes_FNR",1,1,1,1,1,1,1,1,1,1,1,1,1,1,1,1,1,1,1,1,1,1,1,1,1,1,1,1,1,1
"Male_Majority_Yes_FNR_ratio",5.13333333333333,1.18461538461538,1.08450704225352,1.04054054054054,1.08450704225352,1.06944444444444,3.34782608695652,1.32758620689655,1.60416666666667,3.66666666666667,5.5,5.92307692307692,4.27777777777778,4.27777777777778,4.27777777777778,1.203125,1.08450704225352,1.13235294117647,1.06944444444444,1.06944444444444,3.34782608695652,5.5,3.66666666666667,1.54,1.375,4.52941176470588,4.52941176470588,4.8125,4.05263157894737,7
"Male_Majority_No_proportion_favorable",0.960122699386503,NA,NA,NA,NA,NA,0.980061349693252,0.996932515337423,0.993865030674847,0.976993865030675,0.94478527607362,0.946319018404908,0.960122699386503,0.958588957055215,0.957055214723926,NA,NA,NA,NA,NA,0.978527607361963,0.960122699386503,0.973926380368098,0.99079754601227,0.995398773006135,0.955521472392638,0.952453987730061,0.957055214723926,0.975460122699387,0.949386503067485
"Male_Majority_No_proportion_favorable_ratio",1.18753580629128,NA,NA,NA,NA,NA,1.13498708707962,1.02988896212544,1.05505841897542,1.14201503802534,1.18617109362664,1.21012662200116,1.15816972181725,1.16404244936881,1.1685655857435,NA,NA,NA,NA,NA,1.13190006635276,1.18533666590926,1.13247253531174,1.05741467023721,1.02990043766801,1.1666928844843,1.15659257769285,1.19482548654672,1.15850370866911,1.21172495605295
"Male_Majority_No_FPR",0.0370942812982998,0,0,0,0,0,0.0170015455950541,0.00309119010819165,0.00618238021638331,0.0200927357032458,0.0525502318392581,0.0510046367851623,0.0370942812982998,0.0386398763523957,0.0401854714064915,0,0,0,0,0,0.0185471406491499,0.0370942812982998,0.0231839258114374,0.00927357032457496,0.00463678516228748,0.0417310664605873,0.044822256568779,0.0401854714064915,0.0216383307573416,0.0463678516228748
"Male_Majority_No_FPR_ratio",0.222219012263647,0,0,0,0,0,0.149287544197667,0.132096857290057,0.136651921334541,0.165829745739663,0.293761906473527,0.263661065962008,0.252057607549931,0.252736334100874,0.255038486847139,0,0,0,0,0,0.164360145015278,0.225023037654986,0.199029863104438,0.180132078122805,0.193837779719105,0.265724638422879,0.294174741917276,0.229307600933778,0.161281046691348,0.242957435070268
"Male_Majority_No_FNR",0.6,1,1,1,1,1,0.6,1,1,0.6,0.6,0.6,0.6,0.6,0.6,1,1,1,1,1,0.6,0.6,0.6,1,1,0.6,0.6,0.6,0.6,0.4
"Male_Majority_No_FNR_ratio",3.08,1.18461538461538,1.08450704225352,1.04054054054054,1.08450704225352,1.06944444444444,2.00869565217391,1.32758620689655,1.60416666666667,2.2,3.3,3.55384615384615,2.56666666666667,2.56666666666667,2.56666666666667,1.203125,1.08450704225352,1.13235294117647,1.06944444444444,1.06944444444444,2.00869565217391,3.3,2.2,1.54,1.375,2.71764705882353,2.71764705882353,2.8875,2.43157894736842,2.8
"Female_Minority_Yes_proportion_favorable",0.1875,0.8125,0.9375,0.9375,0.9375,0.9375,0.3125,0.8125,0.71875,0.3125,0.15625,0.125,0.28125,0.25,0.21875,0.8125,0.90625,0.84375,0.90625,0.90625,0.3125,0.1875,0.28125,0.53125,0.78125,0.21875,0.21875,0.15625,0.1875,0.125
"Female_Minority_Yes_proportion_favorable_ratio",0.23191094619666,0.823618854536239,0.946014127144299,0.943158953722334,0.943158953722334,0.942211055276382,0.361899247249566,0.839359504132231,0.763004246284501,0.365283459964933,0.196170747018205,0.159846547314578,0.339264173703257,0.303582270795386,0.267094017094017,0.823618854536239,0.914019162884518,0.853997975708502,0.91172032193159,0.912179164569703,0.361480624638519,0.231481481481481,0.32703488372093,0.566969050160085,0.808329022245215,0.267094017094017,0.265634486945962,0.195068664169788,0.222684085510689,0.159540523292916
"Female_Minority_Yes_FPR",0.777777777777778,0.111111111111111,0.037037037037037,0.037037037037037,0.037037037037037,0.037037037037037,0.666666666666667,0.148148148148148,0.222222222222222,0.666666666666667,0.814814814814815,0.851851851851852,0.703703703703704,0.740740740740741,0.777777777777778,0.111111111111111,0.0740740740740741,0.111111111111111,0.0740740740740741,0.0740740740740741,0.666666666666667,0.777777777777778,0.703703703703704,0.481481481481481,0.148148148148148,0.777777777777778,0.777777777777778,0.814814814814815,0.777777777777778,0.851851851851852
"Female_Minority_Yes_FPR_ratio",4.65939771547248,14.2444444444444,5.93518518518518,7.91358024691358,11.8703703703704,14.2444444444444,5.85388127853881,6.33086419753086,4.91187739463602,5.50214592274678,4.55490956072351,4.40352449223417,4.78170396544955,4.84504913076342,4.93619361936194,15.2619047619048,12.949494949495,14.2444444444444,20.3492063492063,17.8055555555556,5.90783410138249,4.71819137749737,6.04117063492064,9.35241301907969,6.19323671497585,4.95253863134658,5.10466439135381,4.64952192548632,5.79715762273902,4.46351801392673
"Female_Minority_Yes_FNR",0,0.4,0.8,0.8,0.8,0.8,0.2,0.6,0.4,0.2,0,0,0.2,0.2,0.2,0.4,0.8,0.6,0.8,0.8,0.2,0,0.2,0.6,0.4,0.2,0.2,0,0,0
"Female_Minority_Yes_FNR_ratio",0,0.473846153846154,0.867605633802817,0.832432432432432,0.867605633802817,0.855555555555556,0.669565217391304,0.796551724137931,0.641666666666667,0.733333333333333,0,0,0.855555555555556,0.855555555555556,0.855555555555556,0.48125,0.867605633802817,0.679411764705882,0.855555555555556,0.855555555555556,0.669565217391304,0,0.733333333333333,0.924,0.55,0.905882352941177,0.905882352941177,0,0,0
"Female_Minority_No_proportion_favorable",0.508305647840532,0.953488372093023,0.973421926910299,0.980066445182724,0.976744186046512,0.983388704318937,0.598006644518272,0.893687707641196,0.81063122923588,0.591362126245847,0.514950166112957,0.488372093023256,0.558139534883721,0.541528239202658,0.54485049833887,0.956810631229236,0.976744186046512,0.956810631229236,0.983388704318937,0.980066445182724,0.604651162790698,0.508305647840532,0.604651162790698,0.81063122923588,0.897009966777409,0.524916943521595,0.54485049833887,0.481727574750831,0.54485049833887,0.485049833887043
"Female_Minority_No_proportion_favorable_ratio",0.628702099988289,0.966536616414621,0.982262287497779,0.985982339218032,0.982640026203734,0.988330356099434,0.692538094404485,0.92323110293512,0.860542706195202,0.691247371415368,0.646516216086575,0.624516742996491,0.673268437736696,0.657593490227878,0.665263123734885,0.969904339816762,0.985117686380748,0.968431812985057,0.989324652232331,0.986478555795394,0.699422976044763,0.627537836840162,0.703082747431044,0.865134716367001,0.928101362418426,0.640924228964096,0.661627806118847,0.601407708802535,0.64709085313405,0.619080834571848
"Female_Minority_No_FPR",0.445255474452555,0.0255474452554745,0.0182481751824818,0.0182481751824818,0.0109489051094891,0.0109489051094891,0.35036496350365,0.0766423357664234,0.14963503649635,0.357664233576642,0.434306569343066,0.467153284671533,0.394160583941606,0.408759124087591,0.405109489051095,0.0218978102189781,0.0109489051094891,0.0291970802919708,0.0109489051094891,0.0145985401459854,0.343065693430657,0.445255474452555,0.343065693430657,0.145985401459854,0.0766423357664234,0.427007299270073,0.405109489051095,0.474452554744526,0.408759124087591,0.470802919708029
"Female_Minority_No_FPR_ratio",2.66737158059895,3.27518248175182,2.9242700729927,3.89902676399027,3.50912408759124,4.21094890510949,3.07649235076492,3.27518248175182,3.30745028945381,2.95188120672911,2.42782422339161,2.41488109253591,2.67834205978695,2.67361835245047,2.57104141071041,3.00782064650678,1.91406768414068,3.74306569343066,3.00782064650678,3.50912408759124,3.0401628039961,2.70102926615856,2.94515771637122,2.83565582835656,3.20398286258331,2.71899018707401,2.65879026431828,2.70733609131668,3.04668137837379,2.46690467193063
"Female_Minority_No_FNR",0.037037037037037,0.740740740740741,0.888888888888889,0.962962962962963,0.851851851851852,0.925925925925926,0.0740740740740741,0.592592592592593,0.407407407407407,0.0740740740740741,0,0.037037037037037,0.0740740740740741,0.037037037037037,0.037037037037037,0.740740740740741,0.851851851851852,0.814814814814815,0.925925925925926,0.925925925925926,0.0740740740740741,0.037037037037037,0.0740740740740741,0.37037037037037,0.62962962962963,0.037037037037037,0.037037037037037,0.037037037037037,0.0740740740740741,0.037037037037037
"Female_Minority_No_FNR_ratio",0.190123456790123,0.877492877492878,0.964006259780908,1.002002002002,0.923839332290037,0.99022633744856,0.247987117552335,0.786717752234994,0.653549382716049,0.271604938271605,0,0.219373219373219,0.316872427983539,0.15843621399177,0.15843621399177,0.891203703703704,0.923839332290037,0.922657952069717,0.99022633744856,0.99022633744856,0.247987117552335,0.203703703703704,0.271604938271605,0.57037037037037,0.865740740740741,0.167755991285403,0.167755991285403,0.178240740740741,0.300194931773879,0.259259259259259
"Female_Majority_Yes_proportion_favorable",0.447368421052632,0.868421052631579,0.973684210526316,0.947368421052632,0.973684210526316,NA,0.526315789473684,0.921052631578947,0.842105263157895,0.5,0.447368421052632,0.368421052631579,0.421052631578947,0.447368421052632,0.447368421052632,0.842105263157895,0.947368421052632,0.947368421052632,0.947368421052632,0.947368421052632,0.5,0.447368421052632,0.473684210526316,0.763157894736842,0.921052631578947,0.473684210526316,0.473684210526316,0.447368421052632,0.473684210526316,0.394736842105263
"Female_Majority_Yes_proportion_favorable_ratio",0.55333138039905,0.880305172459786,0.982526953104254,0.953086942708885,0.979561580006354,NA,0.609514521683479,0.95150065245759,0.893954631802436,0.584453535943892,0.561667823041596,0.471126665769282,0.507904260046981,0.543252484581216,0.546237388342652,0.853629258142823,0.955490086790349,0.958874920093757,0.953086942708885,0.953566603978492,0.578368999421631,0.55230669265757,0.550795593635251,0.814469471437398,0.952977373594358,0.578368999421631,0.575208513085994,0.558512385833498,0.562570321290161,0.503812178819736
"Female_Majority_Yes_FPR",0.46875,0.125,0.03125,0.0625,0.03125,0,0.375,0.0625,0.125,0.40625,0.46875,0.5625,0.5,0.46875,0.46875,0.125,0.0625,0.0625,0.0625,0.0625,0.40625,0.46875,0.4375,0.1875,0.0625,0.4375,0.4375,0.46875,0.4375,0.53125
"Female_Majority_Yes_FPR_ratio",2.8081191588785,16.025,5.0078125,13.3541666666667,10.015625,0,3.29280821917808,2.67083333333333,2.76293103448276,3.35287017167382,2.62036700581395,2.90776209677419,3.39752650176678,3.06600765306122,2.97493811881188,17.1696428571429,10.9261363636364,8.0125,17.1696428571429,15.0234375,3.60008640552995,2.84355283911672,3.755859375,3.64204545454545,2.61277173913044,2.78580298013245,2.87137372013652,2.67479599406528,3.2609011627907,2.78363419618529
"Female_Majority_Yes_FNR",0,0.833333333333333,1,1,1,1,0,0.833333333333333,0.666666666666667,0,0,0,0,0,0,0.666666666666667,1,1,1,1,0,0,0,0.5,0.833333333333333,0,0,0,0,0
"Female_Majority_Yes_FNR_ratio",0,0.987179487179487,1.08450704225352,1.04054054054054,1.08450704225352,1.06944444444444,0,1.10632183908046,1.06944444444444,0,0,0,0,0,0,0.802083333333333,1.08450704225352,1.13235294117647,1.06944444444444,1.06944444444444,0,0,0,0.77,1.14583333333333,0,0,0,0,0
"Female_Majority_No_proportion_favorable",0.807420494699647,0.996466431095406,0.987632508833922,0.996466431095406,0.996466431095406,0.99469964664311,0.88339222614841,0.973498233215548,0.948763250883392,0.871024734982332,0.802120141342756,0.780918727915194,0.839222614840989,0.840989399293286,0.833922261484099,0.996466431095406,0.991166077738516,0.992932862190813,0.996466431095406,0.996466431095406,0.885159010600707,0.814487632508834,0.879858657243816,0.95583038869258,0.96643109540636,0.837455830388693,0.846289752650177,0.81095406360424,0.856890459363958,0.789752650176678
"Female_Majority_No_proportion_favorable_ratio",0.99866480482331,1.01010281915399,0.996601926169447,1.00248131900946,1.00248131900946,0.999698137329758,1.02303674134153,1.00567999299127,1.00717967185073,1.01814697251003,1.00705604688356,0.998617299124289,1.01233126036308,1.02123788620921,1.01822009949218,1.01010281915399,0.999663215066582,1.00499277549677,1.00248131900946,1.00298583904923,1.02389706258034,1.00554028704794,1.02309146191141,1.02009646605398,0.99992870709401,1.02253459143919,1.02767425944162,1.01242704569818,1.01768463107358,1.00798040864924
"Female_Majority_No_FPR",0.170642201834862,0.0018348623853211,0.0091743119266055,0.0018348623853211,0.0018348623853211,0.0018348623853211,0.0990825688073395,0.0201834862385321,0.0422018348623853,0.108256880733945,0.176146788990826,0.196330275229358,0.137614678899083,0.137614678899083,0.144954128440367,0.0018348623853211,0.0073394495412844,0.0036697247706422,0,0,0.0972477064220184,0.163302752293578,0.0990825688073395,0.0385321100917431,0.0238532110091743,0.141284403669725,0.132110091743119,0.168807339449541,0.121100917431193,0.188990825688073
"Female_Majority_No_FPR_ratio",1.02225842407614,0.235229357798165,1.47018348623853,0.392048929663609,0.588073394495413,0.705688073394495,0.870026391856227,0.862507645259939,0.932806074027207,0.89346773240934,0.984681032643482,1.01490085824208,0.935099037183519,0.900112338513387,0.919956399309656,0.252031454783748,1.28306922435363,0.47045871559633,0,0,0.861784974421849,0.99063467716262,0.850606159895151,0.748457047539616,0.99716792979657,0.899635457804241,0.867057018505182,0.96325375003403,0.902624279923192,0.990270729695273
"Female_Majority_No_FNR",0.238095238095238,0.952380952380952,0.904761904761905,0.952380952380952,0.952380952380952,0.904761904761905,0.428571428571429,0.80952380952381,0.714285714285714,0.333333333333333,0.238095238095238,0.19047619047619,0.238095238095238,0.285714285714286,0.285714285714286,0.952380952380952,0.952380952380952,0.904761904761905,0.904761904761905,0.904761904761905,0.428571428571429,0.238095238095238,0.333333333333333,0.80952380952381,0.714285714285714,0.285714285714286,0.285714285714286,0.285714285714286,0.285714285714286,0.238095238095238
"Female_Majority_No_FNR_ratio",1.22222222222222,1.12820512820513,0.981220657276995,0.990990990990991,1.03286384976526,0.967592592592593,1.43478260869565,1.07471264367816,1.14583333333333,1.22222222222222,1.30952380952381,1.12820512820513,1.01851851851852,1.22222222222222,1.22222222222222,1.14583333333333,1.03286384976526,1.02450980392157,0.967592592592593,0.967592592592593,1.43478260869565,1.30952380952381,1.22222222222222,1.24666666666667,0.982142857142857,1.29411764705882,1.29411764705882,1.375,1.15789473684211,1.66666666666667
"Male_Minority_Yes_FPR_stringent",0.941176470588235,0.941176470588235,0.970588235294118,0.970588235294118,0,0,0,0,0.88235294117647,0.852941176470588,0.941176470588235,0.941176470588235,0.911764705882353,0.911764705882353,0.941176470588235,0.941176470588235,0,0.970588235294118,0,0,0,0.941176470588235,0.88235294117647,0.88235294117647,0,0.88235294117647,0.911764705882353,0.88235294117647,0,0.941176470588235
"Male_Minority_Yes_FNR_stringent",0,0,0,0,1,1,1,1,0,0,0,0,0,0,0,0,1,0,1,1,1,0,0,0,1,0,0,0,1,0
"Male_Minority_No_FPR_stringent",0.865203761755486,0.924764890282132,0.940438871473354,0.949843260188088,0,0,0,0,0.84012539184953,0.862068965517241,0.880877742946709,0.87460815047022,0.858934169278997,0.934169278996865,0.924764890282132,0.927899686520376,0.946708463949843,0.93730407523511,0,0,0,0.862068965517241,0.877742946708464,0.843260188087774,0,0.884012539184953,0.90282131661442,0.893416927899687,0,0.880877742946709
"Male_Minority_No_FNR_stringent",0,0,0,0,1,1,1,1,0.142857142857143,0.142857142857143,0,0,0.142857142857143,0,0,0,0,0,1,1,1,0,0.142857142857143,0.142857142857143,1,0,0,0,1,0
"Male_Majority_Yes_FPR_stringent",0.888888888888889,0.933333333333333,0.888888888888889,0.933333333333333,0,0,0,0,0.866666666666667,0.822222222222222,0.911111111111111,0.866666666666667,0.844444444444444,0.888888888888889,0.844444444444444,0.933333333333333,0.977777777777778,0.955555555555556,0,0,0,0.888888888888889,0.888888888888889,0.866666666666667,0,0.888888888888889,0.844444444444444,0.911111111111111,0,0.911111111111111
"Male_Majority_Yes_FNR_stringent",0,0,0.5,0,1,1,1,1,0,0.5,0.5,0,0.5,0,0,0,0,0,1,1,1,0,0,0,1,0,0,0,1,0
"Male_Majority_No_FPR_stringent",0.650695517774343,0.765069551777434,0.867078825347759,0.825347758887172,0,0,0,0,0.703245749613601,0.712519319938176,0.782071097372488,0.672333848531685,0.731066460587326,0.851622874806801,0.867078825347759,0.763523956723339,0.828438948995363,0.814528593508501,0,0,0,0.647604327666152,0.672333848531685,0.683153013910355,0,0.772797527047913,0.826893353941267,0.752704791344668,0,0.666151468315301
"Male_Majority_No_FNR_stringent",0,0,0,0,1,1,1,1,0,0,0,0,0,0,0,0,0,0,1,1,1,0,0,0,1,0,0,0,1,0
"Female_Minority_Yes_FPR_stringent",0,0,0,0,0,0,0,0,0.925925925925926,1,0,0,0,0,0,0,0,0,0,0,0,0,0.962962962962963,0.962962962962963,0,0.962962962962963,0,0,0,0
"Female_Minority_Yes_FNR_stringent",1,1,1,1,1,1,1,1,0,0.2,1,1,1,1,1,1,1,1,1,1,1,1,0,0,1,0,1,1,1,1
"Female_Minority_No_FPR_stringent",0.970802919708029,0.981751824817518,0.970802919708029,0.981751824817518,0,0,0,0,0.901459854014598,0.908759124087591,0.952554744525547,0.970802919708029,0.937956204379562,0.978102189781022,0.974452554744526,0.981751824817518,0.978102189781022,0.978102189781022,0,0,0,0.970802919708029,0.91970802919708,0.945255474452555,0,0.95985401459854,0.974452554744526,0.970802919708029,0,0.974452554744526
"Female_Minority_No_FNR_stringent",0,0,0,0,1,1,1,1,0,0,0,0,0,0,0,0,0,0,1,1,1,0,0,0,1,0,0,0,1,0
"Female_Majority_Yes_FPR_stringent",0.96875,0,0.9375,0.9375,0,0,0,0,0.875,0.90625,0.9375,0.9375,0.9375,0.96875,0.96875,0,0.96875,0.9375,0,0,0,0.96875,0.84375,0.875,0,0.875,0.9375,0.90625,0,0.9375
"Female_Majority_Yes_FNR_stringent",0,1,0,0,1,1,1,1,0,0,0,0,0,0,0,1,0,0,1,1,1,0,0,0,1,0,0,0,1,0
"Female_Majority_No_FPR_stringent",0.840366972477064,0.919266055045872,0.89908256880734,0.886238532110092,0,0,0,0,0.792660550458716,0.785321100917431,0.822018348623853,0.842201834862385,0.792660550458716,0.886238532110092,0.886238532110092,0.924770642201835,0.902752293577982,0.869724770642202,0,0,0,0.845871559633028,0.78348623853211,0.779816513761468,0,0.805504587155963,0.886238532110092,0.820183486238532,0,0.851376146788991
"Female_Majority_No_FNR_stringent",0,0,0,0,1,1,1,1,0,0,0,0,0,0,0,0,0,0,1,1,1,0,0,0,1,0,0,0,1,0
"Male_Minority_Yes_FPR_lenient",0,0.235294117647059,0.235294117647059,0.235294117647059,0.176470588235294,0.176470588235294,0.0882352941176471,0.117647058823529,0,0,0.0588235294117647,0,0.0294117647058824,0.0588235294117647,0.0588235294117647,0.205882352941176,0.235294117647059,0.235294117647059,0.205882352941176,0.176470588235294,0.0588235294117647,0,0,0,0.0588235294117647,0.0588235294117647,0.0588235294117647,0.0588235294117647,0.0882352941176471,0
"Male_Minority_Yes_FNR_lenient",1,0.25,0.25,0.25,0.25,0.25,0.5,0.75,1,1,1,1,1,1,1,0.25,0.5,0.25,0.25,0.25,0.5,1,1,1,0.75,1,1,1,1,1
"Male_Minority_No_FPR_lenient",0,0.0125391849529781,0.0188087774294671,0.0219435736677116,0.0501567398119122,0.0470219435736677,0.00626959247648903,0,0,0,0,0,0,0,0,0.0125391849529781,0.0188087774294671,0.0188087774294671,0.0501567398119122,0.0532915360501567,0.00940438871473354,0,0,0,0.00313479623824451,0.00626959247648903,0,0,0,0
"Male_Minority_No_FNR_lenient",1,0.857142857142857,1,1,0.857142857142857,0.857142857142857,1,1,1,1,1,1,1,1,1,0.857142857142857,1,1,1,1,1,1,1,1,1,1,1,1,1,1
"Male_Majority_Yes_FPR_lenient",0,0.111111111111111,0.0666666666666667,0.0888888888888889,0.155555555555556,0.111111111111111,0.0444444444444444,0.0444444444444444,0,0,0.0222222222222222,0,0.0222222222222222,0,0,0.111111111111111,0.111111111111111,0.111111111111111,0.133333333333333,0.133333333333333,0.0444444444444444,0,0,0,0.0222222222222222,0.0222222222222222,0.0222222222222222,0,0,0
"Male_Majority_Yes_FNR_lenient",1,1,1,1,1,1,1,1,1,1,1,1,1,1,1,1,1,1,1,1,1,1,1,1,1,1,1,1,1,1
"Male_Majority_No_FPR_lenient",0,0.00309119010819165,0.00463678516228748,0.00772797527047913,0.0200927357032458,0.0216383307573416,0.00618238021638331,0.00772797527047913,0,0,0,0,0,0,0,0.00309119010819165,0.00463678516228748,0.00772797527047913,0.0247295208655332,0.0262751159196291,0.00772797527047913,0,0,0,0.00618238021638331,0,0,0,0,0
"Male_Majority_No_FNR_lenient",1,0.8,1,1,1,1,1,1,1,1,1,1,1,1,1,0.8,1,1,1,1,1,1,1,1,1,1,1,1,1,1
"Female_Minority_Yes_FPR_lenient",0.259259259259259,0.518518518518518,0.555555555555556,0.592592592592593,0.555555555555556,0.592592592592593,0.148148148148148,0.259259259259259,0.037037037037037,0.0740740740740741,0.148148148148148,0.222222222222222,0.185185185185185,0.037037037037037,0.037037037037037,0.518518518518518,0.518518518518518,0.592592592592593,0.592592592592593,0.592592592592593,0.148148148148148,0.259259259259259,0.0740740740740741,0.0740740740740741,0.296296296296296,0.037037037037037,0.037037037037037,0.185185185185185,0.333333333333333,0.148148148148148
"Female_Minority_Yes_FNR_lenient",0.4,0.2,0.2,0.2,0.2,0.2,0.4,0.2,0.8,0.8,1,0.4,1,1,1,0.2,0.2,0.2,0.2,0.2,0.2,0.4,1,0.8,0.4,1,1,1,0.4,0.4
"Female_Minority_No_FPR_lenient",0.0364963503649635,0.27007299270073,0.226277372262774,0.237226277372263,0.31021897810219,0.302919708029197,0.135036496350365,0.116788321167883,0.0109489051094891,0.0182481751824818,0.0583941605839416,0.0364963503649635,0.0693430656934307,0.0437956204379562,0.0547445255474453,0.281021897810219,0.218978102189781,0.237226277372263,0.302919708029197,0.31021897810219,0.124087591240876,0.0364963503649635,0.0291970802919708,0.0109489051094891,0.124087591240876,0.0948905109489051,0.0437956204379562,0.072992700729927,0.083941605839416,0.0328467153284672
"Female_Minority_No_FNR_lenient",0.703703703703704,0.185185185185185,0.222222222222222,0.148148148148148,0.185185185185185,0.185185185185185,0.407407407407407,0.407407407407407,0.962962962962963,0.851851851851852,0.666666666666667,0.740740740740741,0.592592592592593,0.62962962962963,0.666666666666667,0.185185185185185,0.222222222222222,0.222222222222222,0.148148148148148,0.185185185185185,0.444444444444444,0.703703703703704,0.851851851851852,1,0.481481481481481,0.777777777777778,0.62962962962963,0.592592592592593,0.481481481481481,0.740740740740741
"Female_Majority_Yes_FPR_lenient",0.125,0.3125,0.3125,0.3125,0.375,0.375,0.09375,0.09375,0,0.0625,0.0625,0.125,0.125,0.0625,0.0625,0.3125,0.3125,0.3125,0.375,0.375,0.09375,0.125,0.0625,0,0.09375,0.09375,0.0625,0.0625,0.125,0.125
"Female_Majority_Yes_FNR_lenient",0.666666666666667,0.166666666666667,0.166666666666667,0,0.166666666666667,0.166666666666667,0.5,0.5,1,1,0.666666666666667,0.666666666666667,0.833333333333333,0.833333333333333,0.666666666666667,0.166666666666667,0.166666666666667,0.166666666666667,0,0,0.5,0.666666666666667,1,1,0.5,0.833333333333333,0.666666666666667,0.833333333333333,0.333333333333333,0.666666666666667
"Female_Majority_No_FPR_lenient",0.0018348623853211,0.0458715596330275,0.0458715596330275,0.0513761467889908,0.0825688073394495,0.0807339449541284,0.0293577981651376,0.0293577981651376,0.0018348623853211,0.0018348623853211,0.0055045871559633,0.0018348623853211,0.0055045871559633,0.0018348623853211,0.0036697247706422,0.0495412844036697,0.0568807339449541,0.0568807339449541,0.0880733944954128,0.0880733944954128,0.0293577981651376,0.0018348623853211,0.0055045871559633,0,0.0311926605504587,0.0128440366972477,0.0055045871559633,0.0055045871559633,0.0073394495412844,0.0018348623853211
"Female_Majority_No_FNR_lenient",0.857142857142857,0.523809523809524,0.571428571428571,0.619047619047619,0.523809523809524,0.523809523809524,0.714285714285714,0.619047619047619,1,1,0.80952380952381,0.904761904761905,0.80952380952381,0.857142857142857,0.904761904761905,0.523809523809524,0.476190476190476,0.619047619047619,0.476190476190476,0.428571428571429,0.619047619047619,0.904761904761905,0.952380952380952,1,0.571428571428571,0.80952380952381,0.761904761904762,0.761904761904762,0.761904761904762,0.904761904761905
"Male_Minority_Yes_FPR_train",0.413793103448276,0.0114942528735632,0,0,0,0,0.241379310344828,0,0.0114942528735632,0.241379310344828,0.166666666666667,0.5,0.333333333333333,0.333333333333333,0.333333333333333,0.0114942528735632,0,0,0,0,0.229885057471264,0.413793103448276,0.229885057471264,0.0459770114942529,0,0.333333333333333,0.333333333333333,0,0.333333333333333,0.5
"Male_Minority_Yes_FNR_train",0.092511013215859,0.909090909090909,0.818181818181818,0.818181818181818,0.818181818181818,0.818181818181818,0,0,0,0,0.0909090909090909,0.0909090909090909,0.0909090909090909,0,0,0.909090909090909,0.727272727272727,0.909090909090909,0.818181818181818,0.818181818181818,0,0.092511013215859,0,0,0,0.0909090909090909,0,0.0909090909090909,0.0909090909090909,0.0909090909090909
"Male_Minority_No_FPR_train",0.11697806661251,0,0,0,0,0,0.0479285134037368,0,0.0016246953696182,0.0593013809910642,0,0.13953488372093,0.0465116279069767,0.0465116279069767,0.0232558139534884,0,0,0,0,0,0.0454914703493095,0.113728675873274,0.0511779041429732,0.00487408610885459,0,0.0930232558139535,0.0232558139534884,0,0.0465116279069767,0.0930232558139535
"Male_Minority_No_FNR_train",0.408536585365854,1,0.967741935483871,0.967741935483871,0.967741935483871,0.967741935483871,0,0,0,0.0884146341463415,0.290322580645161,0.32258064516129,0.32258064516129,0.0645161290322581,0.0967741935483871,1,0.935483870967742,0.967741935483871,0.967741935483871,0.935483870967742,0,0.408536585365854,0.195121951219512,0,0,0.354838709677419,0.0645161290322581,0.258064516129032,0.419354838709677,0.32258064516129
"Male_Majority_Yes_FPR_train",0.176767676767677,0,0,0,0,0,0.106060606060606,0,0.0101010101010101,0.101010101010101,0.5,0.25,0.25,0.25,0.25,0,0,0,0,0,0.111111111111111,0.176767676767677,0.121212121212121,0.0202020202020202,0,0.25,0.25,0.25,0.25,0.25
"Male_Majority_Yes_FNR_train",0,1,1,1,1,1,0,0,0,0,0.2,0,0.4,0,0,1,1,1,1,1,0,0,0.18018018018018,0,0,0,0,0,0.4,0
"Male_Majority_No_FPR_train",0.032967032967033,0,0,0,0,0,0.0114116652578191,0,0.00084530853761623,0.0131022823330516,0.00833333333333333,0.0333333333333333,0.00833333333333333,0.00833333333333333,0.00833333333333333,0,0,0,0,0,0.0101437024513948,0.0316990701606086,0.0122569737954353,0.00169061707523246,0,0.0166666666666667,0.00833333333333333,0.025,0.00833333333333333,0.0333333333333333
"Male_Majority_No_FNR_train",0.672690763052209,1,1,1,1,1,0.070281124497992,0,0,0.289156626506024,0.434782608695652,0.652173913043478,0.695652173913043,0.304347826086957,0.173913043478261,1,1,1,1,1,0.0381526104417671,0.672690763052209,0.321285140562249,0,0,0.782608695652174,0.260869565217391,0.521739130434783,0.782608695652174,0.608695652173913
"Female_Minority_Yes_FPR_train",0.691358024691358,0.0987654320987654,0.0123456790123457,0,0.0123456790123457,0.0123456790123457,0.493827160493827,0,0.0864197530864197,0.555555555555556,0.5,0.5,0.5,0.5,0.5,0.123456790123457,0.0123456790123457,0.0493827160493827,0.0123456790123457,0.0123456790123457,0.493827160493827,0.679012345679012,0.506172839506173,0.135802469135802,0,0.5,0.5,0,0.5,0.5
"Female_Minority_Yes_FNR_train",0,0.526315789473684,0.473684210526316,0.578947368421053,0.473684210526316,0.578947368421053,0,0,0,0,0,0,0,0,0,0.526315789473684,0.526315789473684,0.578947368421053,0.473684210526316,0.473684210526316,0,0,0,0,0,0,0,0,0,0
"Female_Minority_No_FPR_train",0.441801189464741,0.0144435004248088,0.00424808836023789,0.00424808836023789,0,0,0.299915038232795,0,0.0305862361937128,0.31945624468989,0.196969696969697,0.378787878787879,0.257575757575758,0.212121212121212,0.212121212121212,0.0152931180968564,0.00169923534409516,0.00594732370433305,0.00169923534409516,0,0.295666949872557,0.435853865760408,0.316907391673747,0.0424808836023789,0,0.303030303030303,0.196969696969697,0.196969696969697,0.272727272727273,0.378787878787879
"Female_Minority_No_FNR_train",0.00658544616397761,0.815068493150685,0.691780821917808,0.821917808219178,0.671232876712329,0.705479452054795,0,0,0,0,0.0136986301369863,0.0136986301369863,0.0205479452054795,0,0,0.801369863013699,0.753424657534247,0.787671232876712,0.684931506849315,0.671232876712329,0,0.00658544616397761,0,0,0,0.0136986301369863,0,0.0136986301369863,0.0273972602739726,0.00684931506849315
"Female_Majority_Yes_FPR_train",0.534883720930233,0.0581395348837209,0.00581395348837209,0.0174418604651163,0.00581395348837209,0.00581395348837209,0.383720930232558,0,0.0523255813953488,0.395348837209302,0.357142857142857,0.571428571428571,0.5,0.357142857142857,0.357142857142857,0.0755813953488372,0.0232558139534884,0.0348837209302326,0.0116279069767442,0.0116279069767442,0.418604651162791,0.52906976744186,0.418604651162791,0.0755813953488372,0,0.5,0.428571428571429,0.285714285714286,0.428571428571429,0.571428571428571
"Female_Majority_Yes_FNR_train",0.0774091627172196,0.689655172413793,0.586206896551724,0.689655172413793,0.517241379310345,0.551724137931034,0,0,0,0,0,0.0689655172413793,0.0689655172413793,0,0,0.655172413793103,0.586206896551724,0.655172413793103,0.517241379310345,0.517241379310345,0,0.0774091627172196,0,0,0,0.0344827586206897,0,0,0.103448275862069,0.0689655172413793
"Female_Majority_No_FPR_train",0.193020249892288,0.000861697544161999,0,0.000861697544161999,0,0,0.110728134424817,0,0.011202068074106,0.113313227057303,0.0446428571428571,0.133928571428571,0.0625,0.0535714285714286,0.0535714285714286,0.001292546316243,0,0.000861697544161999,0,0,0.111589831968979,0.190866006031883,0.119775958638518,0.011202068074106,0,0.0625,0.0446428571428571,0.0535714285714286,0.0535714285714286,0.142857142857143
"Female_Majority_No_FNR_train",0.195180722891566,0.951456310679612,0.844660194174757,0.941747572815534,0.87378640776699,0.902912621359223,0,0,0,0.0602409638554217,0.106796116504854,0.174757281553398,0.194174757281553,0.0388349514563107,0.0485436893203883,0.951456310679612,0.87378640776699,0.941747572815534,0.87378640776699,0.87378640776699,0,0.195180722891566,0.0612048192771084,0,0,0.184466019417476,0.058252427184466,0.087378640776699,0.252427184466019,0.174757281553398
