"","random_forest__Tuned__Threshold_0.5__MissingData_simple_value_imputation__ScarceOutcome_no_method","xgboost__Tuned__Threshold_0.5__MissingData_simple_value_imputation__ScarceOutcome_no_method","xgboost__Not_Tuned__Threshold_0.5__MissingData_simple_value_imputation__ScarceOutcome_no_method","random_forest__Not_Tuned__Threshold_0.5__MissingData_simple_value_imputation__ScarceOutcome_no_method","logistic_regression__Not_Tuned__Threshold_0.5__MissingData_simple_value_imputation__ScarceOutcome_no_method","logistic_regression__Not_Tuned__Threshold_0.5__MissingData_simple_value_imputation__ScarceOutcome_random_oversampling","xgboost__Not_Tuned__Threshold_0.5__MissingData_simple_value_imputation__ScarceOutcome_random_oversampling","xgboost__Tuned__Threshold_0.5__MissingData_simple_value_imputation__ScarceOutcome_random_oversampling","random_forest__Tuned__Threshold_0.5__MissingData_simple_value_imputation__ScarceOutcome_random_oversampling","random_forest__Not_Tuned__Threshold_0.5__MissingData_simple_value_imputation__ScarceOutcome_random_oversampling","linear_regression__Not_Tuned__Threshold_0.5__MissingData_simple_value_imputation__ScarceOutcome_random_undersampling","xgboost__Not_Tuned__Threshold_0.5__MissingData_simple_value_imputation__ScarceOutcome_random_undersampling","xgboost__Tuned__Threshold_0.5__MissingData_simple_value_imputation__ScarceOutcome_random_undersampling","random_forest__Not_Tuned__Threshold_0.5__MissingData_simple_value_imputation__ScarceOutcome_random_undersampling","random_forest__Tuned__Threshold_0.5__MissingData_simple_value_imputation__ScarceOutcome_random_undersampling","logistic_regression__Not_Tuned__Threshold_0.5__MissingData_Miss_Forest_Imputation__ScarceOutcome_no_method","xgboost__Not_Tuned__Threshold_0.5__MissingData_Miss_Forest_Imputation__ScarceOutcome_no_method","xgboost__Tuned__Threshold_0.5__MissingData_Miss_Forest_Imputation__ScarceOutcome_no_method","random_forest__Tuned__Threshold_0.5__MissingData_Miss_Forest_Imputation__ScarceOutcome_no_method","random_forest__Not_Tuned__Threshold_0.5__MissingData_Miss_Forest_Imputation__ScarceOutcome_no_method","logistic_regression__Not_Tuned__Threshold_0.5__MissingData_Miss_Forest_Imputation__ScarceOutcome_random_oversampling","xgboost__Not_Tuned__Threshold_0.5__MissingData_Miss_Forest_Imputation__ScarceOutcome_random_oversampling","xgboost__Tuned__Threshold_0.5__MissingData_Miss_Forest_Imputation__ScarceOutcome_random_oversampling","random_forest__Tuned__Threshold_0.5__MissingData_Miss_Forest_Imputation__ScarceOutcome_random_oversampling","random_forest__Not_Tuned__Threshold_0.5__MissingData_Miss_Forest_Imputation__ScarceOutcome_random_oversampling","linear_regression__Not_Tuned__Threshold_0.5__MissingData_Miss_Forest_Imputation__ScarceOutcome_random_undersampling","xgboost__Not_Tuned__Threshold_0.5__MissingData_Miss_Forest_Imputation__ScarceOutcome_random_undersampling","xgboost__Tuned__Threshold_0.5__MissingData_Miss_Forest_Imputation__ScarceOutcome_random_undersampling","random_forest__Tuned__Threshold_0.5__MissingData_Miss_Forest_Imputation__ScarceOutcome_random_undersampling","random_forest__Not_Tuned__Threshold_0.5__MissingData_Miss_Forest_Imputation__ScarceOutcome_random_undersampling"
"auc",0.83403087797619,0.862936949118588,0.868610312213827,0.836209363553113,0.807579627403845,0.807459792811352,0.855467855711995,0.827221769116303,0.807397192651099,0.852642799908425,0.785104381295787,0.86420236664377,0.864803328182233,0.859807835393773,0.859369634271976,0.825225718292118,0.868198939732143,0.87024417639652,0.848853701636905,0.83869369562729,0.823843149038461,0.862369970524266,0.826437478537086,0.812276427999085,0.860870249542125,0.798189603365385,0.868976076007323,0.870224502060438,0.844765016884157,0.864810482486263
"accuracy_test",0.8695,0.87,0.868,0.871,0.8615,0.7185,0.8345,0.8365,0.8345,0.8355,0.242,0.812,0.8325,0.8075,0.8065,0.8705,0.8725,0.8685,0.8715,0.874,0.7565,0.841,0.833,0.8345,0.842,0.203,0.8045,0.81,0.8265,0.811
"accuracy_train",0.843,0.852875,0.869625,0.865875,0.837125,0.685019993848047,0.793525069209474,0.956782528452784,1,0.838588126730237,0.684245660881175,0.789052069425901,0.758344459279039,0.830440587449933,0.829105473965287,0.84625,0.87,0.856,0.847375,0.864625,0.700015379883113,0.793832666871732,0.955398338972624,1,0.82789910796678,0.709612817089453,0.800400534045394,0.773030707610147,0.747663551401869,0.823765020026702
"precision",0.755102040816326,0.7,0.674757281553398,0.701030927835051,0.747899159663866,0.350066050198151,0.505050505050505,0.510440835266821,0.507042253521127,0.507014028056112,0.176180021953897,0.465034965034965,0.500970873786408,0.457975986277873,0.456260720411664,0.761904761904762,0.686635944700461,0.683417085427136,0.758169934640523,0.703883495145631,0.388478581979321,0.51875,0.502369668246445,0.507122507122507,0.520080321285141,0.169642857142857,0.454394693200663,0.461937716262976,0.489795918367347,0.463793103448276
"recall",0.330357142857143,0.395833333333333,0.413690476190476,0.404761904761905,0.264880952380952,0.788690476190476,0.744047619047619,0.654761904761905,0.535714285714286,0.75297619047619,0.955357142857143,0.791666666666667,0.767857142857143,0.794642857142857,0.791666666666667,0.333333333333333,0.443452380952381,0.404761904761905,0.345238095238095,0.431547619047619,0.782738095238095,0.741071428571429,0.630952380952381,0.529761904761905,0.770833333333333,0.961309523809524,0.81547619047619,0.794642857142857,0.785714285714286,0.800595238095238
"f1_score",0.459627329192547,0.505703422053232,0.512915129151292,0.513207547169811,0.391208791208791,0.484903934126258,0.601684717208183,0.573663624511082,0.520984081041968,0.605988023952096,0.297497683039852,0.58590308370044,0.606345475910693,0.581066376496192,0.578890097932535,0.463768115942029,0.538878842676311,0.508411214953271,0.474437627811861,0.535055350553506,0.519249753208292,0.610294117647059,0.559366754617414,0.518195050946143,0.621103117505995,0.288392857142857,0.58359957401491,0.584245076586433,0.603428571428571,0.587336244541485
"AUC_male_majority_nondiasbled",0.649477232753566,0.683237248387726,0.716313269493843,0.672293335939026,0.543189368770766,0.53639828024233,0.684751807699824,0.61671878053547,0.639730310728943,0.650894078561657,0.564686339652139,0.699066836036743,0.705173930037132,0.679646277115497,0.668482509282783,0.549882743795193,0.716362126245847,0.707714481141294,0.64109829978503,0.63921731483291,0.54607191713895,0.688733632988078,0.582421340629277,0.635064490912643,0.63655462184874,0.585059605237444,0.70187609927692,0.709937463357437,0.577731092436975,0.669386359194841
"AUC_male_majority_disabled",0.72375,0.8175,0.815,0.67375,0.7475,0.7675,0.815,0.78,0.6725,0.75625,0.665,0.8225,0.865,0.8125,0.8175,0.76,0.8225,0.83,0.77625,0.75,0.785,0.835,0.7275,0.7025,0.775,0.655,0.85,0.825,0.7575,0.84375
"AUC_male_minority_nondiasbled",0.733995163548428,0.850133638793432,0.862097492681684,0.768486699758177,0.753213694794447,0.763013872979505,0.832569683085147,0.776823214967543,0.737177039582538,0.808005600101818,0.731449662721141,0.824614992999872,0.835051546391752,0.788087056128293,0.798523609520172,0.77701412752959,0.832506045564464,0.841733486063384,0.73463153875525,0.770077637775233,0.777141402570955,0.807305587374317,0.758559246531753,0.744049891816215,0.808196512663866,0.744686267023036,0.813669339442534,0.830406007381951,0.795341733486063,0.789614356624665
"AUC_male_minority_disabled",0.887362637362637,0.879120879120879,0.89010989010989,0.884615384615385,0.796703296703297,0.791208791208791,0.89010989010989,0.901098901098901,0.923076923076923,0.895604395604396,0.758241758241758,0.912087912087912,0.925824175824176,0.895604395604396,0.895604395604396,0.89010989010989,0.873626373626374,0.906593406593407,0.89010989010989,0.824175824175824,0.89010989010989,0.862637362637363,0.796703296703297,0.802197802197802,0.89010989010989,0.879120879120879,0.82967032967033,0.862637362637363,0.906593406593407,0.868131868131868
"AUC_female_majority_nondiasbled",0.818846975750256,0.85478026572517,0.860714949363561,0.814410480349345,0.808719687819379,0.807581529313386,0.847684195856174,0.830948620273157,0.791182755737248,0.851389017931804,0.761660317755273,0.862422187122551,0.861353711790393,0.856034562854224,0.856197156926508,0.808231905602529,0.857370157019417,0.868380098485553,0.846499581900957,0.821878193812134,0.806815014401191,0.862282820774878,0.840088729908019,0.806977608473473,0.862294434637183,0.771021090773948,0.872886277060298,0.870714484809068,0.853491127009199,0.867079345907276
"AUC_female_majority_disabled",0.861111111111111,0.861111111111111,0.888888888888889,0.861111111111111,0.878472222222222,0.861111111111111,0.861111111111111,0.826388888888889,0.854166666666667,0.8125,0.847222222222222,0.826388888888889,0.875,0.878472222222222,0.868055555555556,0.875,0.916666666666667,0.875,0.916666666666667,0.895833333333333,0.895833333333333,0.930555555555556,0.895833333333333,0.902777777777778,0.802083333333333,0.923611111111111,0.75,0.944444444444444,0.930555555555556,0.895833333333333
"AUC_female_minority_nondiasbled",0.818452695793223,0.833791741598788,0.826457209351529,0.827074297401178,0.820903416904687,0.824852780422441,0.824570683028317,0.796061215134526,0.792252900313834,0.831852322014176,0.763249761980324,0.819457667759795,0.826474840438662,0.831764166578512,0.832857293980747,0.839310271871364,0.83405620790578,0.839433689481294,0.827726647625093,0.835272752917945,0.838040833597801,0.833350964420467,0.803448640643182,0.797665644063614,0.838234775556261,0.770020099439332,0.831270496138793,0.836471666842979,0.840808914277654,0.835325646179345
"AUC_female_minority_disabled",0.861111111111111,0.888888888888889,0.861111111111111,0.878472222222222,0.861111111111111,0.861111111111111,0.826388888888889,0.854166666666667,0.8125,0.847222222222222,0.826388888888889,0.875,0.878472222222222,0.868055555555556,0.875,0.916666666666667,0.875,0.916666666666667,0.895833333333333,0.895833333333333,0.930555555555556,0.895833333333333,0.902777777777778,0.802083333333333,0.923611111111111,0.75,0.944444444444444,0.930555555555556,0.895833333333333,0.944444444444445
"proportion_favorable_benchmark_test",0.9265,0.905,0.897,0.903,0.9405,0.6215,0.7525,0.7845,0.8225,0.7505,0.089,0.714,0.7425,0.7085,0.7085,0.9265,0.8915,0.9005,0.9235,0.897,0.6615,0.76,0.789,0.8245,0.751,0.048,0.6985,0.711,0.7305,0.71
"FPR_benchmark_test",0.0216346153846154,0.0342548076923077,0.0402644230769231,0.0348557692307692,0.0180288461538462,0.295673076923077,0.147235576923077,0.126802884615385,0.105168269230769,0.147836538461538,0.902043269230769,0.183894230769231,0.154447115384615,0.189903846153846,0.190504807692308,0.0210336538461538,0.0408653846153846,0.0378605769230769,0.0222355769230769,0.0366586538461538,0.248798076923077,0.138822115384615,0.126201923076923,0.103966346153846,0.143629807692308,0.950120192307692,0.197716346153846,0.186899038461538,0.165264423076923,0.186899038461538
"FNR_benchmark_test",0.669642857142857,0.604166666666667,0.586309523809524,0.595238095238095,0.735119047619048,0.211309523809524,0.255952380952381,0.345238095238095,0.464285714285714,0.24702380952381,0.0446428571428571,0.208333333333333,0.232142857142857,0.205357142857143,0.208333333333333,0.666666666666667,0.556547619047619,0.595238095238095,0.654761904761905,0.568452380952381,0.217261904761905,0.258928571428571,0.369047619047619,0.470238095238095,0.229166666666667,0.0386904761904762,0.18452380952381,0.205357142857143,0.214285714285714,0.199404761904762
"FPR_train",0.0253768071362658,0.0332205475238388,0.0295293755767456,0.0298369732390034,0.0196862503844971,0.289756997846816,0.135650569055675,0.0570593663488157,0,0.141341125807444,0.263684913217623,0.11214953271028,0.121495327102804,0.116822429906542,0.117489986648865,0.0269147954475546,0.0313749615502922,0.0346047370039988,0.026453398954168,0.0329129498615811,0.266840972008613,0.127499231005844,0.0587511534912335,0,0.138880344509382,0.230307076101469,0.123497997329773,0.138851802403204,0.152202937249666,0.116822429906542
"FNR_train",0.728304405874499,0.641522029372497,0.568090787716956,0.586782376502003,0.78437917222964,0.34020301445709,0.277299292525377,0.0293755767456167,0,0.181482620732082,0.367823765020027,0.309746328437917,0.361815754339119,0.222296395193591,0.224299065420561,0.704272363150868,0.55807743658211,0.618825100133511,0.700267022696929,0.580106809078772,0.333128268225162,0.284835435250692,0.0304521685635189,0,0.205321439557059,0.350467289719626,0.275700934579439,0.315086782376502,0.352469959946595,0.235647530040053
"FPR_lenient",0.0378605769230769,0.0372596153846154,0.0378605769230769,0.0342548076923077,0.046875,0.0138221153846154,0.0120192307692308,0.00661057692307692,0,0.00240384615384615,0.134014423076923,0.0138221153846154,0.0138221153846154,0.0114182692307692,0.00901442307692308,0.0372596153846154,0.0372596153846154,0.0378605769230769,0.0372596153846154,0.03125,0.0108173076923077,0.0108173076923077,0.00901442307692308,0.000600961538461538,0.00300480769230769,0.128605769230769,0.0114182692307692,0.0114182692307692,0.0126201923076923,0.0102163461538462
"FNR_lenient",0.583333333333333,0.589285714285714,0.601190476190476,0.601190476190476,0.571428571428571,0.75297619047619,0.824404761904762,0.901785714285714,0.994047619047619,0.946428571428571,0.375,0.824404761904762,0.776785714285714,0.854166666666667,0.854166666666667,0.589285714285714,0.601190476190476,0.592261904761905,0.598214285714286,0.598214285714286,0.779761904761905,0.8125,0.883928571428571,0.988095238095238,0.967261904761905,0.342261904761905,0.824404761904762,0.794642857142857,0.81547619047619,0.857142857142857
"FPR_stringent",1,0.884014423076923,0.876201923076923,0.944110576923077,0.873197115384615,0.853365384615385,0.796875,0.819711538461538,0.891225961538462,0.853365384615385,1,0.843149038461538,0.843149038461538,0.938701923076923,0.938100961538462,0.871394230769231,0.881610576923077,0.884615384615385,1,1,0.849759615384615,0.798677884615385,0.814302884615385,0.887620192307692,0.855168269230769,1,0.853966346153846,0.866586538461538,0.867788461538462,0.940504807692308
"FNR_stringent",0,0.0238095238095238,0.00892857142857143,0.00595238095238095,0.0476190476190476,0.0476190476190476,0.0357142857142857,0.0327380952380952,0.0119047619047619,0.0148809523809524,0,0.0119047619047619,0.0178571428571429,0.00595238095238095,0.00297619047619048,0.0535714285714286,0.00892857142857143,0.0238095238095238,0,0,0.0654761904761905,0.0327380952380952,0.0327380952380952,0.0119047619047619,0.00892857142857143,0,0.0119047619047619,0.0148809523809524,0.0297619047619048,0
"Male_proportion_favorable",0.994214079074253,0.986499517839923,0.985535197685632,0.989392478302797,0.996142719382835,0.726133076181292,0.894889103182257,0.898746383799421,0.908389585342334,0.910318225650916,0.129218900675024,0.864995178399229,0.8900675024108,0.868852459016393,0.866923818707811,0.995178399228544,0.979749276759884,0.986499517839923,0.993249758919961,0.983606557377049,0.797492767598843,0.908389585342334,0.907425265188042,0.916104146576664,0.915139826422372,0.0742526518804243,0.852459016393443,0.878495660559306,0.903567984570878,0.875602700096432
"Male_FPR",0.00208550573514077,0.00521376433785193,0.00625651720542232,0.00312825860271116,0.00208550573514077,0.254431699687174,0.0771637122002086,0.0792492179353493,0.0750782064650678,0.0636079249217935,0.873826903023983,0.103232533889468,0.0802919708029197,0.103232533889468,0.106360792492179,0.00208550573514077,0.00834202294056309,0.00521376433785193,0.00208550573514077,0.00625651720542232,0.178310740354536,0.0656934306569343,0.0719499478623566,0.0667361835245047,0.0583941605839416,0.932221063607925,0.115745568300313,0.0928050052137643,0.0667361835245047,0.0969760166840459
"Male_FNR",0.948717948717949,0.884615384615385,0.884615384615385,0.897435897435897,0.974358974358974,0.487179487179487,0.551282051282051,0.628205128205128,0.705128205128205,0.58974358974359,0.166666666666667,0.474358974358974,0.525641025641026,0.525641025641026,0.538461538461538,0.961538461538462,0.833333333333333,0.884615384615385,0.935897435897436,0.858974358974359,0.5,0.58974358974359,0.653846153846154,0.705128205128205,0.58974358974359,0.153846153846154,0.461538461538462,0.525641025641026,0.538461538461538,0.538461538461538
"Female_proportion_favorable",0.853582554517134,0.81723779854621,0.801661474558671,0.809968847352025,0.880581516095535,0.508826583592939,0.599169262720665,0.66147455867082,0.730010384215992,0.578400830737279,0.0456905503634476,0.551401869158878,0.583592938733126,0.53582554517134,0.537902388369678,0.852544132917965,0.796469366562825,0.807892004153686,0.848390446521288,0.803738317757009,0.515057113187954,0.600207684319834,0.66147455867082,0.725856697819315,0.574247144340602,0.019730010384216,0.532710280373832,0.530633437175493,0.544132917964694,0.531671858774662
"Female_FPR",0.0482269503546099,0.073758865248227,0.0865248226950355,0.0780141843971631,0.0397163120567376,0.35177304964539,0.242553191489362,0.191489361702128,0.146099290780142,0.26241134751773,0.940425531914894,0.293617021276596,0.25531914893617,0.307801418439716,0.304964539007092,0.0468085106382979,0.0851063829787234,0.0822695035460993,0.049645390070922,0.0780141843971631,0.34468085106383,0.238297872340426,0.2,0.154609929078014,0.259574468085106,0.974468085106383,0.309219858156028,0.314893617021277,0.299290780141844,0.309219858156028
"Female_FNR",0.585271317829457,0.51937984496124,0.496124031007752,0.503875968992248,0.662790697674419,0.127906976744186,0.166666666666667,0.25968992248062,0.391472868217054,0.143410852713178,0.00775193798449612,0.127906976744186,0.143410852713178,0.108527131782946,0.108527131782946,0.577519379844961,0.472868217054264,0.507751937984496,0.569767441860465,0.48062015503876,0.131782945736434,0.158914728682171,0.282945736434109,0.39922480620155,0.12015503875969,0.00387596899224806,0.10077519379845,0.108527131782946,0.116279069767442,0.0968992248062016
"Disabled_proportion_favourable",0.786666666666667,0.766666666666667,0.74,0.74,0.853333333333333,0.36,0.473333333333333,0.553333333333333,0.64,0.46,0.0333333333333333,0.4,0.44,0.42,0.413333333333333,0.82,0.74,0.766666666666667,0.806666666666667,0.74,0.346666666666667,0.513333333333333,0.566666666666667,0.606666666666667,0.466666666666667,0.02,0.426666666666667,0.433333333333333,0.413333333333333,0.426666666666667
"Disabled_FPR",0.0849056603773585,0.0943396226415094,0.113207547169811,0.113207547169811,0.0377358490566038,0.547169811320755,0.377358490566038,0.320754716981132,0.226415094339623,0.405660377358491,0.962264150943396,0.471698113207547,0.415094339622642,0.433962264150943,0.443396226415094,0.0660377358490566,0.0943396226415094,0.0943396226415094,0.0660377358490566,0.10377358490566,0.528301886792453,0.339622641509434,0.283018867924528,0.245283018867925,0.386792452830189,0.981132075471698,0.433962264150943,0.443396226415094,0.443396226415094,0.433962264150943
"Disabled_FNR",0.477272727272727,0.431818181818182,0.386363636363636,0.386363636363636,0.590909090909091,0.136363636363636,0.113636363636364,0.25,0.318181818181818,0.136363636363636,0.0227272727272727,0.0909090909090909,0.0909090909090909,0.0681818181818182,0.0681818181818182,0.545454545454545,0.340909090909091,0.431818181818182,0.5,0.363636363636364,0.0454545454545455,0.159090909090909,0.204545454545455,0.25,0.113636363636364,0.0227272727272727,0.0909090909090909,0.136363636363636,0.0681818181818182,0.0909090909090909
"Abled_proportion_favorable",0.937837837837838,0.916216216216216,0.90972972972973,0.916216216216216,0.947567567567568,0.642702702702703,0.775135135135135,0.803243243243243,0.837297297297297,0.774054054054054,0.0935135135135135,0.73945945945946,0.767027027027027,0.731891891891892,0.732432432432432,0.935135135135135,0.903783783783784,0.911351351351351,0.932972972972973,0.90972972972973,0.687027027027027,0.78,0.807027027027027,0.842162162162162,0.774054054054054,0.0502702702702703,0.72054054054054,0.733513513513513,0.756216216216216,0.732972972972973
"Abled_FPR",0.0173299101412067,0.0301668806161746,0.0353016688061617,0.0295250320924262,0.0166880616174583,0.278562259306804,0.131578947368421,0.113607188703466,0.0969191270860077,0.130295250320924,0.897946084724005,0.164313222079589,0.136713735558408,0.173299101412067,0.173299101412067,0.0179717586649551,0.0372272143774069,0.034017971758665,0.0192554557124519,0.0320924261874198,0.229781771501926,0.125160462130937,0.115532734274711,0.0943517329910141,0.127086007702182,0.94801026957638,0.181643132220796,0.169448010269576,0.146341463414634,0.170089858793325
"Abled_FNR",0.698630136986301,0.63013698630137,0.616438356164384,0.626712328767123,0.756849315068493,0.222602739726027,0.277397260273973,0.35958904109589,0.486301369863014,0.263698630136986,0.047945205479452,0.226027397260274,0.253424657534247,0.226027397260274,0.229452054794521,0.684931506849315,0.589041095890411,0.61986301369863,0.678082191780822,0.599315068493151,0.243150684931507,0.273972602739726,0.393835616438356,0.503424657534247,0.246575342465753,0.0410958904109589,0.198630136986301,0.215753424657534,0.236301369863014,0.215753424657534
"Minority_proportion_favorable",0.8442280945758,0.820584144645341,0.819193324061196,0.819193324061196,0.885952712100139,0.456189151599444,0.621696801112656,0.687065368567455,0.732962447844228,0.60778859527121,0.0361613351877608,0.574408901251738,0.60778859527121,0.564673157162726,0.564673157162726,0.84144645340751,0.806675938803894,0.820584144645341,0.833101529902643,0.813630041724618,0.45201668984701,0.631432545201669,0.682892906815021,0.734353268428373,0.616133518776078,0.0111265646731572,0.55076495132128,0.559109874826147,0.563282336578581,0.566063977746871
"Minority_FPR",0.0447761194029851,0.0615671641791045,0.0671641791044776,0.0615671641791045,0.0261194029850746,0.42910447761194,0.220149253731343,0.173507462686567,0.149253731343284,0.240671641791045,0.955223880597015,0.276119402985075,0.236940298507463,0.287313432835821,0.289179104477612,0.0447761194029851,0.0727611940298507,0.0615671641791045,0.0485074626865672,0.0634328358208955,0.419776119402985,0.21455223880597,0.188432835820896,0.147388059701493,0.227611940298507,0.988805970149254,0.298507462686567,0.294776119402985,0.283582089552239,0.283582089552239
"Minority_FNR",0.519125683060109,0.475409836065574,0.486338797814208,0.469945355191257,0.628415300546448,0.120218579234973,0.158469945355191,0.278688524590164,0.387978142076503,0.163934426229508,0.0109289617486339,0.136612021857924,0.153005464480874,0.131147540983607,0.136612021857924,0.508196721311475,0.453551912568306,0.475409836065574,0.486338797814208,0.453551912568306,0.0765027322404372,0.180327868852459,0.306010928961749,0.387978142076503,0.158469945355191,0.0109289617486339,0.109289617486339,0.131147540983607,0.114754098360656,0.12568306010929
"Majority_proportion_favorable",0.972677595628415,0.952380952380952,0.940671350507416,0.950039032006245,0.97111631537861,0.714285714285714,0.82591725214676,0.839188134270102,0.872755659640906,0.830601092896175,0.118657298985168,0.792349726775956,0.818110850897736,0.789227166276347,0.789227166276347,0.97423887587822,0.939110070257611,0.945355191256831,0.97423887587822,0.943793911007026,0.779078844652615,0.83216237314598,0.848555815768931,0.875097580015613,0.826697892271663,0.068696330991413,0.781420765027322,0.796252927400468,0.824355971896956,0.790788446526151
"Majority_FPR",0.0106382978723404,0.0212765957446809,0.0274822695035461,0.0221631205673759,0.0141843971631206,0.232269503546099,0.11258865248227,0.104609929078014,0.0842198581560284,0.103723404255319,0.87677304964539,0.140070921985816,0.115248226950355,0.143617021276596,0.143617021276596,0.00975177304964539,0.025709219858156,0.0265957446808511,0.00975177304964539,0.023936170212766,0.167553191489362,0.102836879432624,0.0966312056737589,0.0833333333333333,0.103723404255319,0.931737588652482,0.149822695035461,0.13563829787234,0.109042553191489,0.140957446808511
"Majority_FNR",0.849673202614379,0.758169934640523,0.705882352941177,0.745098039215686,0.862745098039216,0.320261437908497,0.372549019607843,0.42483660130719,0.555555555555556,0.34640522875817,0.0849673202614379,0.294117647058824,0.326797385620915,0.294117647058824,0.294117647058824,0.856209150326797,0.679738562091503,0.738562091503268,0.856209150326797,0.705882352941177,0.38562091503268,0.352941176470588,0.444444444444444,0.568627450980392,0.313725490196078,0.0718954248366013,0.274509803921569,0.294117647058824,0.333333333333333,0.287581699346405
"Male_Minority_Yes_proportion_favorable",0.818181818181818,0.818181818181818,0.818181818181818,0.787878787878788,0.909090909090909,0.606060606060606,0.636363636363636,0.696969696969697,0.787878787878788,0.666666666666667,0.0606060606060606,0.484848484848485,0.515151515151515,0.545454545454545,0.515151515151515,0.848484848484849,0.787878787878788,0.818181818181818,0.787878787878788,0.787878787878788,0.575757575757576,0.727272727272727,0.787878787878788,0.787878787878788,0.696969696969697,NA,0.575757575757576,0.515151515151515,0.575757575757576,0.545454545454545
"Male_Minority_Yes_proportion_favorable_ratio",0.883088848550262,0.904068307383225,0.912131346913956,0.872512500419477,0.966603837417235,0.975157853677564,0.845665961945032,0.888425362612743,0.957907340886064,0.888296691094826,0.680966973101805,0.679059502588914,0.693806754412815,0.769872329505357,0.727101644532837,0.915795842941013,0.883767569129319,0.908586139013679,0.853144329051205,0.878348704435661,0.870381822762775,0.956937799043062,0.998578945347006,0.955583733024606,0.928055521930356,NA,0.824277130647925,0.724545028342497,0.788169165992575,0.768245838668374
"Male_Minority_Yes_FPR",0.0769230769230769,0.0769230769230769,0.0769230769230769,0.0769230769230769,0.0384615384615385,0.307692307692308,0.192307692307692,0.153846153846154,0.0769230769230769,0.192307692307692,0.923076923076923,0.384615384615385,0.346153846153846,0.307692307692308,0.346153846153846,0.0769230769230769,0.0769230769230769,0.0769230769230769,0.0769230769230769,0.0769230769230769,0.269230769230769,0.153846153846154,0.0769230769230769,0.0769230769230769,0.192307692307692,NA,0.307692307692308,0.384615384615385,0.269230769230769,0.346153846153846
"Male_Minority_Yes_FPR_ratio",3.55555555555556,2.24561403508772,1.91044776119403,2.20689655172414,2.13333333333333,1.04065040650407,1.30612244897959,1.21327014218009,0.731428571428571,1.30081300813008,1.02331778814124,2.09150326797386,2.24124513618677,1.62025316455696,1.81703470031546,3.65714285714286,1.88235294117647,2.03174603174603,3.45945945945946,2.0983606557377,1.08212560386473,1.10822510822511,0.60952380952381,0.739884393063584,1.33891213389121,NA,1.55623100303951,2.05787781350482,1.62909090909091,1.85209003215434
"Male_Minority_Yes_FNR",0.428571428571429,0.428571428571429,0.428571428571429,0.285714285714286,0.714285714285714,0.285714285714286,0,0.142857142857143,0.285714285714286,0.142857142857143,0,0,0,0,0,0.571428571428571,0.285714285714286,0.428571428571429,0.285714285714286,0.285714285714286,0,0.285714285714286,0.285714285714286,0.285714285714286,0.285714285714286,NA,0.142857142857143,0.142857142857143,0,0.142857142857143
"Male_Minority_Yes_FNR_ratio",0.64,0.70935960591133,0.730964467005076,0.48,0.97165991902834,1.35211267605634,0,0.413793103448276,0.615384615384615,0.578313253012048,0,0,0,0,0,0.857142857142857,0.513368983957219,0.72,0.436363636363636,0.50261780104712,0,1.10344827586207,0.774193548387097,0.607594936708861,1.24675324675325,NA,0.774193548387097,0.695652173913043,0,0.716417910447761
"Male_Minority_No_proportion_favorable",NA,0.987421383647799,0.987421383647799,0.993710691823899,NA,0.622641509433962,0.842767295597484,0.864779874213837,0.871069182389937,0.852201257861635,0.059748427672956,0.814465408805031,0.836477987421384,0.820754716981132,0.823899371069182,NA,0.977987421383648,0.987421383647799,NA,0.987421383647799,0.650943396226415,0.845911949685535,0.858490566037736,0.883647798742138,0.858490566037736,0.0157232704402516,0.776729559748428,0.823899371069182,0.836477987421384,0.827044025157233
"Male_Minority_No_proportion_favorable_ratio",NA,1.09107335209702,1.10080421811349,1.10045480822137,NA,1.0018367006178,1.11995653899998,1.10233253564543,1.05905067767774,1.13551133625801,0.671330648010741,1.14070785546923,1.1265696800288,1.15843996751042,1.16287843481889,NA,1.09701337227554,1.09652568978101,NA,1.10080421811349,0.984041415308262,1.11304203905991,1.08807422818471,1.07173777894741,1.14312991483054,0.327568134171908,1.11199650644013,1.15878955143345,1.14507595814016,1.16485073965807
"Male_Minority_No_FPR",NA,0.00687285223367698,0.0103092783505155,0.00343642611683849,NA,0.343642611683849,0.120274914089347,0.106529209621993,0.11340206185567,0.11340206185567,0.938144329896907,0.13745704467354,0.123711340206186,0.147766323024055,0.144329896907216,NA,0.0171821305841924,0.00687285223367698,NA,0.0103092783505155,0.312714776632302,0.120274914089347,0.123711340206186,0.0996563573883162,0.106529209621993,0.986254295532646,0.175257731958763,0.134020618556701,0.123711340206186,0.13745704467354
"Male_Minority_No_FPR_ratio",NA,0.200639054681377,0.256039390675489,0.0985898803175732,NA,1.16223842650798,0.816887579774178,0.840116610478657,1.07829160530191,0.767077361495264,1.04002142901296,0.747478831165914,0.800994825303863,0.778111270607682,0.757618133923054,NA,0.420456842530827,0.181530573283151,NA,0.281223593037012,1.25690190414529,0.86639591794231,0.980265095729013,0.958544385515365,0.741692907158982,1.03803108650621,0.886409926989001,0.717074949448072,0.748566073102156,0.735461486613408
"Male_Minority_No_FNR",NA,0.925925925925926,0.962962962962963,0.962962962962963,NA,0.259259259259259,0.444444444444444,0.555555555555556,0.703703703703704,0.481481481481481,0.037037037037037,0.296296296296296,0.407407407407407,0.481481481481481,0.481481481481481,NA,0.925925925925926,0.925925925925926,NA,0.962962962962963,0.259259259259259,0.481481481481481,0.666666666666667,0.703703703703704,0.481481481481481,0.037037037037037,0.259259259259259,0.37037037037037,0.407407407407407,0.444444444444444
"Male_Minority_No_FNR_ratio",NA,1.53256704980843,1.64241398759165,1.61777777777778,NA,1.22691705790297,1.73643410852713,1.60919540229885,1.51566951566952,1.94912985274431,0.82962962962963,1.42222222222222,1.75498575498575,2.34460547504026,2.31111111111111,NA,1.66369578134284,1.55555555555556,NA,1.69400814426992,1.19330289193303,1.85951468710089,1.80645161290323,1.49648382559775,2.1010101010101,0.957264957264957,1.40501792114695,1.80354267310789,1.90123456790123,2.22885572139303
"Male_Majority_Yes_proportion_favorable",NA,0.96,0.94,0.96,NA,0.5,0.72,0.76,0.8,0.7,0.06,0.66,0.7,0.68,0.68,NA,0.94,0.94,NA,0.94,0.58,0.74,0.78,0.78,0.7,0.06,0.64,0.68,0.68,0.7
"Male_Majority_Yes_proportion_favorable_ratio",NA,1.06077348066298,1.0479375696767,1.06312292358804,NA,0.80450522928399,0.956810631229236,0.968769917144678,0.972644376899696,0.932711525649567,0.674157303370786,0.92436974789916,0.942760942760943,0.959774170783345,0.959774170783345,NA,1.05440269209198,1.04386451971127,NA,1.0479375696767,0.876795162509448,0.973684210526316,0.988593155893536,0.94602789569436,0.932090545938748,1.25,0.916249105225483,0.956399437412096,0.930869267624915,0.985915492957746
"Male_Majority_Yes_FPR",NA,0,0,0,NA,0.425,0.2,0.2,0.15,0.225,0.95,0.25,0.2,0.225,0.225,NA,0,0,NA,0,0.325,0.175,0.125,0.15,0.2,0.95,0.25,0.25,0.225,0.2
"Male_Majority_Yes_FPR_ratio",NA,0,0,0,NA,1.43739837398374,1.35836734693878,1.57725118483412,1.42628571428571,1.5219512195122,1.05316455696203,1.35947712418301,1.29494163424125,1.18481012658228,1.18107255520505,NA,0,0,NA,0,1.30628019323671,1.26060606060606,0.99047619047619,1.44277456647399,1.39246861924686,0.999873497786211,1.2644376899696,1.33762057877814,1.36145454545455,1.07009646302251
"Male_Majority_Yes_FNR",NA,0.8,0.7,0.8,NA,0.2,0.4,0.6,0.6,0.4,0.1,0.3,0.3,0.3,0.3,NA,0.7,0.7,NA,0.7,0.2,0.4,0.4,0.5,0.3,0.1,0.2,0.4,0.3,0.3
"Male_Majority_Yes_FNR_ratio",NA,1.32413793103448,1.19390862944162,1.344,NA,0.946478873239437,1.56279069767442,1.73793103448276,1.29230769230769,1.61927710843373,2.24,1.44,1.29230769230769,1.46086956521739,1.44,NA,1.25775401069519,1.176,NA,1.23141361256544,0.92054794520548,1.5448275862069,1.08387096774194,1.06329113924051,1.30909090909091,2.58461538461538,1.08387096774194,1.94782608695652,1.4,1.5044776119403
"Male_Majority_No_proportion_favorable",NA,0.99685534591195,0.99685534591195,NA,0.998427672955975,0.80188679245283,0.94811320754717,0.937106918238994,0.941823899371069,0.968553459119497,0.172955974842767,0.926100628930818,0.95125786163522,0.924528301886792,0.921383647798742,NA,0.993710691823899,0.998427672955975,NA,0.995283018867924,0.89937106918239,0.962264150943396,0.94811320754717,0.949685534591195,0.971698113207547,0.108490566037736,0.921383647798742,0.940251572327044,0.971698113207547,0.930817610062893
"Male_Majority_No_proportion_favorable_ratio",NA,1.10149761979221,1.11132145586616,NA,1.06159242206909,1.29024423564414,1.25995110637498,1.19452762044486,1.14507464969127,1.29054424932644,1.94332556003109,1.2970597043849,1.28115536920568,1.3049093886899,1.30047092138143,NA,1.11465024321245,1.10874810989003,NA,1.10956858290739,1.3595934530346,1.266137040715,1.20166439486333,1.15183206135985,1.29387232118182,2.26022012578616,1.31908897322655,1.3224354041168,1.33018222205003,1.31101071839844
"Male_Majority_No_FPR",NA,0.00166112956810631,0.00166112956810631,NA,0.00166112956810631,0.197674418604651,0.0431893687707641,0.0548172757475083,0.0514950166112957,0.0232558139534884,0.835548172757475,0.0647840531561462,0.0398671096345515,0.0647840531561462,0.0697674418604651,NA,0.00166112956810631,0.00166112956810631,NA,0.00166112956810631,0.0996677740863787,0.0282392026578073,0.0431893687707641,0.0448504983388704,0.0199335548172757,0.901993355481728,0.0697674418604651,0.0498338870431894,0.0199335548172757,0.0598006644518272
"Male_Majority_No_FPR_ratio",NA,0.0484933263391036,0.0412555164377448,NA,0.0921373200442968,0.668557383248251,0.293335141365516,0.432303065610682,0.489644043663977,0.157307619587824,0.92628391703427,0.352289753110546,0.258127900513205,0.341141343201985,0.366224048125596,NA,0.0406488176666015,0.043874914306808,NA,0.0453134360873591,0.400597043670856,0.203420057240655,0.342224331593102,0.431394388646707,0.138784247765468,0.949346580342565,0.352866332084541,0.266635331317901,0.120616128057989,0.319962397581481
"Male_Majority_No_FNR",NA,0.970588235294118,0.970588235294118,NA,1,0.794117647058823,0.794117647058823,0.794117647058823,0.823529411764706,0.823529411764706,0.323529411764706,0.764705882352941,0.794117647058823,0.735294117647059,0.764705882352941,NA,0.911764705882353,1,NA,0.941176470588235,0.88235294117647,0.794117647058823,0.794117647058823,0.852941176470588,0.823529411764706,0.294117647058824,0.764705882352941,0.764705882352941,0.823529411764706,0.764705882352941
"Male_Majority_No_FNR_ratio",NA,1.60649087221095,1.65541952821738,NA,1.36032388663968,3.75807787903894,3.10259917920657,2.30020283975659,1.7737556561086,3.33380581148122,7.24705882352941,3.67058823529412,3.42081447963801,3.58056265984655,3.67058823529412,NA,1.63825102233407,1.68,NA,1.65568216815522,4.06124093473006,3.06693711967546,2.15180265654649,1.8138495904691,3.59358288770053,7.60180995475113,4.14421252371916,3.72378516624041,3.84313725490196,3.83494293239684
"Female_Minority_Yes_proportion_favorable",0.5,0.416666666666667,0.416666666666667,0.458333333333333,0.583333333333333,0.0416666666666667,0.166666666666667,0.291666666666667,0.416666666666667,0.0833333333333333,NA,0.0833333333333333,0.166666666666667,0.0833333333333333,0.0833333333333333,0.583333333333333,0.375,0.5,0.583333333333333,0.416666666666667,0.0416666666666667,0.25,0.208333333333333,0.333333333333333,0.125,NA,0.125,0.125,0.0833333333333333,0.0833333333333333
"Female_Minority_Yes_proportion_favorable_ratio",0.539665407447383,0.460405156537753,0.464511334076551,0.507567368032484,0.620237462342726,0.0670421024403325,0.221483942414175,0.371786700658594,0.506585612968592,0.111037086386853,NA,0.11671335200747,0.224466891133558,0.11761938367443,0.11761938367443,0.629609642021946,0.420639371845205,0.555247084952804,0.631654935932142,0.464511334076551,0.0629881582262535,0.328947368421053,0.264047317279256,0.40428542551041,0.166444740346205,NA,0.178954903364352,0.175808720112518,0.114077116130504,0.117370892018779
"Female_Minority_Yes_FPR",0.25,0.25,0.333333333333333,0.333333333333333,0.0833333333333333,1,0.666666666666667,0.5,0.416666666666667,0.833333333333333,NA,0.833333333333333,0.666666666666667,0.833333333333333,0.833333333333333,0.0833333333333333,0.333333333333333,0.166666666666667,0.0833333333333333,0.25,0.916666666666667,0.5,0.583333333333333,0.416666666666667,0.75,NA,0.75,0.75,0.833333333333333,0.833333333333333
"Female_Minority_Yes_FPR_ratio",11.5555555555556,7.29824561403509,8.27860696517413,9.5632183908046,4.62222222222222,3.38211382113821,4.52789115646258,3.94312796208531,3.96190476190476,5.63685636856369,NA,4.53159041394335,4.31647211413748,4.38818565400844,4.37434279705573,3.96190476190476,8.15686274509804,4.4021164021164,3.74774774774775,6.81967213114754,3.68438003220612,3.6017316017316,4.62222222222222,4.00770712909441,5.22175732217573,NA,3.79331306990881,4.0128617363344,5.04242424242424,4.45873526259378
"Female_Minority_Yes_FNR",0.25,0.0833333333333333,0.166666666666667,0.25,0.25,0.0833333333333333,0,0.0833333333333333,0.25,0,NA,0,0,0,0,0.25,0.0833333333333333,0.166666666666667,0.25,0.0833333333333333,0,0,0,0.0833333333333333,0,NA,0,0,0,0
"Female_Minority_Yes_FNR_ratio",0.373333333333333,0.137931034482759,0.284263959390863,0.42,0.340080971659919,0.394366197183099,0,0.241379310344828,0.538461538461538,0,NA,0,0,0,0,0.375,0.149732620320856,0.28,0.381818181818182,0.146596858638743,0,0,0,0.177215189873418,0,NA,0,0,0,0
"Female_Minority_No_proportion_favorable",0.726744186046512,0.694767441860465,0.691860465116279,0.686046511627907,0.799418604651163,0.316860465116279,0.447674418604651,0.549418604651163,0.622093023255814,0.412790697674419,0.0145348837209302,0.395348837209302,0.436046511627907,0.363372093023256,0.363372093023256,0.712209302325581,0.680232558139535,0.688953488372093,0.700581395348837,0.683139534883721,0.284883720930233,0.450581395348837,0.543604651162791,0.619186046511628,0.418604651162791,0.00872093023255814,0.369186046511628,0.348837209302326,0.343023255813953,0.36046511627907
"Female_Minority_No_proportion_favorable_ratio",0.784397394545614,0.767698830785044,0.771304866350367,0.759741430374205,0.8499932000544,0.509831802278808,0.594916170903191,0.7003423896127,0.756344101222874,0.550020916288366,0.163313300235171,0.553709856035437,0.587268029128494,0.512875219510594,0.512875219510594,0.768709446654702,0.763020255905255,0.76507883217334,0.758615479533121,0.761582536102253,0.430663221360896,0.592870257037944,0.688979279040292,0.750983682852187,0.557396339764036,0.181686046511628,0.528541226215645,0.490628986360514,0.469573245467424,0.507697346871929
"Female_Minority_No_FPR",0.0917874396135266,0.1256038647343,0.130434782608696,0.1256038647343,0.0579710144927536,0.531400966183575,0.33816425120773,0.251207729468599,0.193236714975845,0.391304347826087,0.980676328502415,0.42512077294686,0.357487922705314,0.449275362318841,0.454106280193237,0.101449275362319,0.135265700483092,0.130434782608696,0.111111111111111,0.1256038647343,0.560386473429952,0.33816425120773,0.270531400966184,0.207729468599034,0.371980676328502,0.990338164251208,0.444444444444444,0.483091787439614,0.478260869565217,0.449275362318841
"Female_Minority_No_FPR_ratio",4.24261943102523,3.66675141961183,3.23945489941596,3.60353156754956,3.21545893719807,1.79725855229567,2.29675638371291,1.98108844471919,1.83740510697032,2.64687168610817,1.08717215897936,2.31176786334502,2.31462997424764,2.36580443955238,2.38369984303327,4.8231884057971,3.31003125888036,3.44513457556936,4.996996996997,3.42630870357171,2.25237461784406,2.43595374030157,2.14363929146538,1.99804529334562,2.58985709376832,1.04232935187477,2.24788922661263,2.58477406527176,2.89391304347826,2.40383988070274
"Female_Minority_No_FNR",0.452554744525547,0.423357664233577,0.423357664233577,0.401459854014599,0.583941605839416,0.0875912408759124,0.124087591240876,0.248175182481752,0.343065693430657,0.116788321167883,0.0072992700729927,0.124087591240876,0.124087591240876,0.0802919708029197,0.0875912408759124,0.430656934306569,0.401459854014599,0.416058394160584,0.416058394160584,0.394160583941606,0.0510948905109489,0.131386861313869,0.262773722627737,0.357664233576642,0.102189781021898,0.0072992700729927,0.0875912408759124,0.0948905109489051,0.072992700729927,0.072992700729927
"Female_Minority_No_FNR_ratio",0.675815085158151,0.700729927007299,0.722071955241024,0.674452554744526,0.794349714826088,0.414516294849388,0.484807333220166,0.718852252705764,0.738910724312184,0.472781637498901,0.163503649635036,0.595620437956204,0.534531162268388,0.390986988257696,0.42043795620438,0.645985401459854,0.721339630742808,0.698978102189781,0.635434638354346,0.693392440860626,0.235176482351765,0.50742511955701,0.712032022604191,0.760602420770581,0.44591904445919,0.188658057271196,0.474688015069461,0.462075531577277,0.340632603406326,0.366052946944112
"Female_Majority_Yes_proportion_favorable",0.674418604651163,0.697674418604651,0.627906976744186,0.604651162790698,0.790697674418605,0.186046511627907,0.232558139534884,0.348837209302326,0.465116279069767,0.232558139534884,NA,0.209302325581395,0.232558139534884,0.209302325581395,0.209302325581395,0.72093023255814,0.674418604651163,0.674418604651163,0.72093023255814,0.651162790697674,0.0697674418604651,0.232558139534884,0.348837209302326,0.418604651162791,0.209302325581395,NA,0.232558139534884,0.255813953488372,0.162790697674419,0.209302325581395
"Female_Majority_Yes_proportion_favorable_ratio",0.72792078213833,0.770910959784145,0.700007777864198,0.669602616600994,0.840720546962897,0.299350782989392,0.309047361508151,0.44466183467473,0.565490916802149,0.309870938754009,NA,0.293140512018761,0.313209615535197,0.295416126438102,0.295416126438102,0.778122215389249,0.756498715256492,0.748937928540991,0.780649954042382,0.725933991859169,0.10546854400675,0.305997552019584,0.442125740560615,0.507707278547957,0.278698169882018,NA,0.332939355096469,0.35979458999771,0.222848319882845,0.29479200786112
"Female_Majority_Yes_FPR",0.142857142857143,0.178571428571429,0.214285714285714,0.214285714285714,0.0714285714285714,0.75,0.678571428571429,0.571428571428571,0.392857142857143,0.678571428571429,NA,0.714285714285714,0.678571428571429,0.678571428571429,0.678571428571429,0.142857142857143,0.142857142857143,0.214285714285714,0.142857142857143,0.214285714285714,0.892857142857143,0.678571428571429,0.571428571428571,0.464285714285714,0.678571428571429,NA,0.678571428571429,0.642857142857143,0.75,0.678571428571429
"Female_Majority_Yes_FPR_ratio",6.6031746031746,5.21303258145363,5.32196162046908,6.14778325123153,3.96190476190476,2.53658536585366,4.60874635568513,4.50643195666892,3.73551020408163,4.59001161440186,NA,3.88422035480859,4.39355197331851,3.57323688969259,3.5619648490311,6.79183673469388,3.49579831932773,5.65986394557823,6.42471042471042,5.84543325526932,3.58868184955141,4.88806431663575,4.52789115646258,4.46573080099092,4.72444710101614,NA,3.43204515848893,3.43959577400092,4.53818181818182,3.63068442811208
"Female_Majority_Yes_FNR",0.333333333333333,0.466666666666667,0.333333333333333,0.266666666666667,0.533333333333333,0.0666666666666667,0.0666666666666667,0.2,0.2,0.0666666666666667,NA,0.0666666666666667,0.0666666666666667,0,0,0.466666666666667,0.333333333333333,0.466666666666667,0.466666666666667,0.4,0,0.0666666666666667,0.2,0.2,0,NA,0.0666666666666667,0.0666666666666667,0,0
"Female_Majority_Yes_FNR_ratio",0.497777777777778,0.772413793103448,0.568527918781726,0.448,0.725506072874494,0.315492957746479,0.26046511627907,0.579310344827586,0.430769230769231,0.269879518072289,NA,0.32,0.287179487179487,0,0,0.7,0.598930481283422,0.784,0.712727272727273,0.703664921465969,0,0.257471264367816,0.541935483870968,0.425316455696203,0,NA,0.361290322580645,0.32463768115942,0,0
"Female_Majority_No_proportion_favorable",0.96195652173913,0.920289855072464,0.90036231884058,0.918478260869565,0.951086956521739,0.673913043478261,0.740942028985507,0.771739130434783,0.831521739130435,0.730072463768116,0.0706521739130435,0.695652173913043,0.721014492753623,0.688405797101449,0.692028985507246,0.96195652173913,0.896739130434783,0.905797101449275,0.96195652173913,0.907608695652174,0.713768115942029,0.73731884057971,0.778985507246377,0.833333333333333,0.719202898550725,0.0289855072463768,0.675724637681159,0.682971014492754,0.719202898550725,0.682971014492754
"Female_Majority_No_proportion_favorable_ratio",1.03826931650203,1.01689486748339,1.00374840450455,1.01714093119553,1.01125673208053,1.0843331351219,0.984640570080408,0.983733754537645,1.01096867979384,0.972781430736997,0.793844650708354,0.974302764584094,0.97106328990387,0.971638386875722,0.976752273122437,1.03826931650203,1.00587675876027,1.00588240027682,1.04164214590052,1.01182686248849,1.07901453657147,0.970156369183829,0.987307360261568,1.01071356377603,0.957660317644107,0.603864734299517,0.96739389789715,0.96057807945535,0.984535110952395,0.961931006327822
"Female_Majority_No_FPR",0.0174672489082969,0.0393013100436681,0.0524017467248908,0.0414847161572052,0.0283842794759825,0.229257641921397,0.161572052401747,0.133187772925764,0.102620087336245,0.163755458515284,0.91703056768559,0.194323144104804,0.172489082969432,0.207423580786026,0.200873362445415,0.0152838427947598,0.0524017467248908,0.0502183406113537,0.0152838427947598,0.0436681222707424,0.198689956331878,0.15938864628821,0.135371179039301,0.104803493449782,0.170305676855895,0.965065502183406,0.213973799126638,0.207423580786026,0.176855895196507,0.209606986899563
"Female_Majority_No_FPR_ratio",0.80737506065017,1.14732245460814,1.30144039627192,1.19018220147568,1.57438136826783,0.775375439343913,1.09737100080207,1.0503528632629,0.97577043044292,1.10767919906273,1.01661483319708,1.05671147643919,1.11681647494605,1.09225581780996,1.05442673536016,0.726637554585153,1.28230156691498,1.32640188535385,0.687359848931901,1.1912091058773,0.798599244773537,1.14815024858693,1.07265543772094,1.00805209884645,1.18572655350715,1.0157299150115,1.08222614512682,1.10981620073295,1.07013894402541,1.12149847653014
"Female_Majority_No_FNR",0.861702127659574,0.723404255319149,0.670212765957447,0.723404255319149,0.851063829787234,0.202127659574468,0.265957446808511,0.308510638297872,0.51063829787234,0.212765957446809,0.0106382978723404,0.159574468085106,0.202127659574468,0.180851063829787,0.170212765957447,0.851063829787234,0.648936170212766,0.691489361702128,0.851063829787234,0.670212765957447,0.287234042553192,0.234042553191489,0.361702127659574,0.531914893617021,0.180851063829787,0,0.138297872340426,0.148936170212766,0.212765957446809,0.159574468085106
"Female_Majority_No_FNR_ratio",1.2868085106383,1.1973587674248,1.14310400691219,1.21531914893617,1.15772245671462,0.956547797422835,1.03908955962395,0.893617021276596,1.09983633387889,0.861317610869008,0.238297872340426,0.765957446808511,0.870703764320786,0.880666049953747,0.817021276595745,1.27659574468085,1.16600295824326,1.16170212765957,1.29980657640232,1.17901303330734,1.32206353832702,0.903888481291269,0.98009608785175,1.13116078642607,0.789168278529981,0,0.749485243651338,0.725254394079556,0.99290780141844,0.800254048904414
"Male_Minority_Yes_FPR_stringent",NA,0.846153846153846,0.884615384615385,0.961538461538462,NA,NA,0.884615384615385,0.846153846153846,0.884615384615385,NA,NA,0.846153846153846,0.807692307692308,0.961538461538462,0.961538461538462,NA,0.884615384615385,0.884615384615385,NA,NA,NA,0.884615384615385,0.846153846153846,0.884615384615385,0.923076923076923,NA,0.846153846153846,0.846153846153846,0.923076923076923,0.961538461538462
"Male_Minority_Yes_FNR_stringent",NA,0,0,0,NA,NA,0,0,0,NA,NA,0,0,0,0,NA,0,0,NA,NA,NA,0,0,0,0,NA,0,0,0,0
"Male_Minority_No_FPR_stringent",NA,0.883161512027491,0.900343642611684,0.951890034364261,0.934707903780069,0.927835051546392,0.831615120274914,0.824742268041237,0.900343642611684,0.855670103092783,NA,0.86254295532646,0.88659793814433,0.9553264604811,0.9553264604811,0.903780068728522,0.86254295532646,0.910652920962199,NA,NA,0.900343642611684,0.800687285223368,0.776632302405498,0.88659793814433,0.855670103092783,NA,0.845360824742268,0.88659793814433,0.914089347079038,0.958762886597938
"Male_Minority_No_FNR_stringent",NA,0.037037037037037,0,0.037037037037037,0.037037037037037,0.037037037037037,0,0,0.037037037037037,0,NA,0,0,0,0,0.0740740740740741,0,0,NA,NA,0.0740740740740741,0,0,0.037037037037037,0.037037037037037,NA,0,0,0.037037037037037,0
"Male_Majority_Yes_FPR_stringent",NA,0.925,0.875,0.9,0.975,0.975,0.875,0.85,0.85,0.95,NA,0.95,0.875,0.925,0.925,0.875,0.925,0.925,NA,NA,0.9,0.85,0.9,0.825,0.925,NA,0.875,0.9,0.925,0.975
"Male_Majority_Yes_FNR_stringent",NA,0,0,0,0,0,0,0,0,0,NA,0,0,0,0,0.1,0,0,NA,NA,0.1,0,0,0.1,0,NA,0,0,0,0
"Male_Majority_No_FPR_stringent",NA,0.862126245847176,0.822259136212625,0.925249169435216,0.686046511627907,0.637873754152824,0.694352159468439,0.757475083056478,0.865448504983389,0.777408637873754,NA,0.762458471760797,0.762458471760797,0.910299003322259,0.920265780730897,0.715946843853821,0.840531561461794,0.833887043189369,NA,NA,0.652823920265781,0.737541528239203,0.774086378737541,0.868770764119601,0.795681063122924,NA,0.800664451827243,0.833887043189369,0.775747508305648,0.903654485049834
"Male_Majority_No_FNR_stringent",NA,0.0588235294117647,0.0588235294117647,0.0294117647058824,0.441176470588235,0.441176470588235,0.147058823529412,0.176470588235294,0.0588235294117647,0.0882352941176471,NA,0.0588235294117647,0.0882352941176471,0.0588235294117647,0.0294117647058824,0.441176470588235,0.0588235294117647,0.117647058823529,NA,NA,0.558823529411765,0.176470588235294,0.176470588235294,0.0588235294117647,0.0294117647058824,NA,0.0588235294117647,0.0882352941176471,0.176470588235294,0
"Female_Minority_Yes_FPR_stringent",NA,NA,NA,NA,NA,NA,NA,NA,NA,NA,NA,NA,NA,NA,NA,NA,NA,NA,NA,NA,NA,0.916666666666667,0.916666666666667,NA,NA,NA,NA,NA,NA,NA
"Female_Minority_Yes_FNR_stringent",NA,NA,NA,NA,NA,NA,NA,NA,NA,NA,NA,NA,NA,NA,NA,NA,NA,NA,NA,NA,NA,0,0,NA,NA,NA,NA,NA,NA,NA
"Female_Minority_No_FPR_stringent",NA,0.917874396135266,0.884057971014493,0.971014492753623,NA,NA,0.811594202898551,0.845410628019324,0.922705314009662,0.961352657004831,NA,0.859903381642512,0.845410628019324,0.980676328502415,0.985507246376812,NA,0.864734299516908,0.879227053140097,NA,NA,NA,0.78743961352657,0.845410628019324,0.884057971014493,0.946859903381642,NA,0.85024154589372,0.830917874396135,0.922705314009662,0.975845410628019
"Female_Minority_No_FNR_stringent",NA,0.0218978102189781,0.0072992700729927,0,NA,NA,0.0364963503649635,0.0145985401459854,0.0072992700729927,0.0072992700729927,NA,0.0145985401459854,0.0145985401459854,0,0,NA,0.0072992700729927,0.0291970802919708,NA,NA,NA,0.0291970802919708,0.0291970802919708,0,0.0072992700729927,NA,0.0145985401459854,0.0145985401459854,0.0218978102189781,0
"Female_Majority_Yes_FPR_stringent",NA,0.964285714285714,NA,NA,NA,NA,0.928571428571429,NA,NA,NA,NA,0.928571428571429,0.928571428571429,NA,NA,NA,NA,0.964285714285714,NA,NA,NA,0.964285714285714,NA,NA,0.964285714285714,NA,0.928571428571429,0.928571428571429,0.964285714285714,NA
"Female_Majority_Yes_FNR_stringent",NA,0,NA,NA,NA,NA,0,NA,NA,NA,NA,0,0,NA,NA,NA,NA,0,NA,NA,NA,0,NA,NA,0,NA,0,0,0,NA
"Female_Majority_No_FPR_stringent",NA,0.888646288209607,0.91703056768559,0.949781659388646,0.995633187772926,0.991266375545852,0.877729257641921,0.866812227074236,0.899563318777293,0.873362445414847,NA,0.910480349344978,0.910480349344978,0.941048034934498,0.923580786026201,0.978165938864629,0.941048034934498,0.925764192139738,NA,NA,0.982532751091703,0.860262008733624,0.853711790393013,0.910480349344978,0.87117903930131,NA,0.921397379912664,0.903930131004367,0.91703056768559,0.951965065502183
"Female_Majority_No_FNR_stringent",NA,0.0212765957446809,0,0,0,0,0.0212765957446809,0.0319148936170213,0,0.0106382978723404,NA,0,0.0106382978723404,0,0,0,0,0,NA,NA,0,0.0106382978723404,0.0106382978723404,0,0,NA,0,0,0,0
"Male_Minority_Yes_FPR_lenient",0.0769230769230769,0.115384615384615,0.0769230769230769,0.0769230769230769,0.0769230769230769,0.0384615384615385,0.0769230769230769,NA,NA,NA,0.153846153846154,0.0769230769230769,0.0384615384615385,0.0384615384615385,NA,0.0769230769230769,0.0769230769230769,0.0769230769230769,0.0769230769230769,0.0769230769230769,0.0384615384615385,0.0769230769230769,0.0384615384615385,NA,NA,0.153846153846154,0.0769230769230769,0.0769230769230769,0.0384615384615385,NA
"Male_Minority_Yes_FNR_lenient",0.285714285714286,0.285714285714286,0.428571428571429,0.285714285714286,0.428571428571429,0.714285714285714,1,NA,NA,NA,0.428571428571429,1,0.857142857142857,1,NA,0.285714285714286,0.428571428571429,0.285714285714286,0.285714285714286,0.285714285714286,0.571428571428571,1,0.857142857142857,NA,NA,0.285714285714286,1,0.714285714285714,0.857142857142857,NA
"Male_Minority_No_FPR_lenient",0.00343642611683849,0.00687285223367698,0.00687285223367698,0.00343642611683849,0.0412371134020619,NA,NA,NA,NA,NA,0.0962199312714777,NA,NA,NA,NA,0.00687285223367698,0.013745704467354,0.00687285223367698,0.00343642611683849,0.00687285223367698,NA,NA,NA,NA,NA,0.0584192439862543,NA,NA,0.00687285223367698,0
"Male_Minority_No_FNR_lenient",0.962962962962963,0.925925925925926,0.962962962962963,0.962962962962963,0.814814814814815,NA,NA,NA,NA,NA,0.518518518518518,NA,NA,NA,NA,0.962962962962963,0.925925925925926,0.925925925925926,0.962962962962963,0.962962962962963,NA,NA,NA,NA,NA,0.555555555555556,NA,NA,0.962962962962963,0.962962962962963
"Male_Majority_Yes_FPR_lenient",0,0,0,0,0.025,NA,NA,0,NA,NA,0.15,0,0,0,NA,0,0,0,0,0,NA,NA,NA,NA,NA,0.125,NA,NA,0,NA
"Male_Majority_Yes_FNR_lenient",0.8,0.8,0.7,0.8,0.6,NA,NA,0.9,NA,NA,0.7,0.9,0.9,0.9,NA,0.8,0.8,0.7,0.9,0.8,NA,NA,NA,NA,NA,0.7,NA,NA,0.9,NA
"Male_Majority_No_FPR_lenient",NA,0.00166112956810631,0.00166112956810631,NA,0.00332225913621262,0.00166112956810631,NA,NA,NA,NA,0.00498338870431894,NA,NA,NA,NA,NA,0,0.00166112956810631,NA,0,NA,NA,0,NA,NA,NA,NA,NA,NA,NA
"Male_Majority_No_FNR_lenient",NA,0.970588235294118,0.970588235294118,NA,1,1,NA,NA,NA,NA,1,NA,NA,NA,NA,NA,0.970588235294118,1,NA,0.941176470588235,NA,NA,0.970588235294118,NA,NA,NA,NA,NA,NA,NA
"Female_Minority_Yes_FPR_lenient",0.5,0.416666666666667,0.333333333333333,0.333333333333333,0.0833333333333333,0.0833333333333333,0.0833333333333333,0.0833333333333333,0,0,0.833333333333333,0.0833333333333333,0,0,0,0.166666666666667,0.25,0.166666666666667,0.5,0.166666666666667,0.0833333333333333,0.0833333333333333,0.0833333333333333,0,0,0.916666666666667,0.0833333333333333,0.0833333333333333,0,0
"Female_Minority_Yes_FNR_lenient",0,0,0.166666666666667,0.25,0.25,0.25,0.416666666666667,0.5,0.916666666666667,0.666666666666667,0.0833333333333333,0.416666666666667,0.25,0.5,0.5,0.166666666666667,0.0833333333333333,0.166666666666667,0,0.25,0.25,0.416666666666667,0.416666666666667,0.833333333333333,0.75,0,0.333333333333333,0.333333333333333,0.75,0.5
"Female_Minority_No_FPR_lenient",0.140096618357488,0.130434782608696,0.1256038647343,0.1256038647343,0.115942028985507,0.0386473429951691,0.0531400966183575,0.0289855072463768,NA,0.00966183574879227,0.415458937198068,0.0531400966183575,0.0676328502415459,0.0483091787439614,0.0289855072463768,0.135265700483092,0.120772946859903,0.130434782608696,0.140096618357488,0.120772946859903,0.0579710144927536,0.0483091787439614,0.0386473429951691,0.00483091787439614,0.0144927536231884,0.449275362318841,0.0434782608695652,0.0434782608695652,0.00966183574879227,0.0338164251207729
"Female_Minority_No_FNR_lenient",0.401459854014599,0.416058394160584,0.430656934306569,0.408759124087591,0.423357664233577,0.613138686131387,0.678832116788321,0.854014598540146,NA,0.927007299270073,0.167883211678832,0.715328467153285,0.605839416058394,0.781021897810219,0.773722627737226,0.394160583941606,0.437956204379562,0.416058394160584,0.401459854014599,0.408759124087591,0.613138686131387,0.656934306569343,0.824817518248175,0.992700729927007,0.970802919708029,0.102189781021898,0.722627737226277,0.635036496350365,0.759124087591241,0.795620437956204
"Female_Majority_Yes_FPR_lenient",0.214285714285714,0.214285714285714,0.178571428571429,0.214285714285714,0.107142857142857,0.0714285714285714,0.142857142857143,0.0714285714285714,0,0.0357142857142857,0.607142857142857,0.107142857142857,0.107142857142857,0.0714285714285714,0.0714285714285714,0.178571428571429,0.142857142857143,0.214285714285714,0.25,0.178571428571429,0.107142857142857,0.0714285714285714,0.107142857142857,0,0.0357142857142857,0.714285714285714,0.0714285714285714,0.107142857142857,0.0714285714285714,0.0714285714285714
"Female_Majority_Yes_FNR_lenient",0.2,0.4,0.4,0.333333333333333,0.466666666666667,0.533333333333333,0.666666666666667,0.6,0.933333333333333,0.733333333333333,0.0666666666666667,0.666666666666667,0.666666666666667,0.666666666666667,0.666666666666667,0.466666666666667,0.4,0.466666666666667,0.333333333333333,0.466666666666667,0.533333333333333,0.666666666666667,0.6,0.933333333333333,0.733333333333333,0,0.733333333333333,0.666666666666667,0.866666666666667,0.666666666666667
"Female_Majority_No_FPR_lenient",0.0414847161572052,0.0393013100436681,0.0502183406113537,0.0393013100436681,0.0720524017467249,0.0218340611353712,0.00436681222707424,0.00436681222707424,NA,0.00218340611353712,0.150655021834061,0.0131004366812227,0.0109170305676856,0.0131004366812227,0.0152838427947598,0.0502183406113537,0.0524017467248908,0.0502183406113537,0.037117903930131,0.0349344978165939,0.00218340611353712,0.00655021834061135,0.00436681222707424,NA,0.00218340611353712,0.139737991266376,0.0109170305676856,0.00873362445414847,0.0305676855895196,0.0174672489082969
"Female_Majority_No_FNR_lenient",0.723404255319149,0.712765957446808,0.702127659574468,0.723404255319149,0.627659574468085,0.872340425531915,0.968085106382979,1,NA,1,0.457446808510638,0.925531914893617,0.946808510638298,0.925531914893617,0.925531914893617,0.691489361702128,0.702127659574468,0.691489361702128,0.74468085106383,0.712765957446808,0.978723404255319,0.957446808510638,1,NA,1,0.457446808510638,0.904255319148936,0.957446808510638,0.776595744680851,0.914893617021277
"Male_Minority_Yes_FPR_train",0.102941176470588,0.102941176470588,0.117647058823529,0.102941176470588,0.0588235294117647,0.485294117647059,0.352941176470588,0.161764705882353,0,0.323529411764706,0.833333333333333,0,0,0,0,0.0735294117647059,0.102941176470588,0.117647058823529,0.102941176470588,0.102941176470588,0.514705882352941,0.308823529411765,0.147058823529412,0,0.338235294117647,0.333333333333333,0,0.166666666666667,0.166666666666667,0
"Male_Minority_Yes_FNR_train",0.571428571428571,0.428571428571429,0.371428571428571,0.4,0.714285714285714,0.306451612903226,0.104838709677419,0.0403225806451613,0,0.0725806451612903,0.257142857142857,0.171428571428571,0.2,0.0857142857142857,0.0857142857142857,0.514285714285714,0.371428571428571,0.4,0.514285714285714,0.342857142857143,0.25,0.104838709677419,0.00806451612903226,0,0.129032258064516,0.114285714285714,0.142857142857143,0.171428571428571,0.171428571428571,0.114285714285714
"Male_Minority_No_FPR_train",NA,0.0072202166064982,0.00541516245487365,0.0036101083032491,0,0.316787003610108,0.0767148014440433,0.026173285198556,0,0.065884476534296,0.18796992481203,0.0639097744360902,0.0639097744360902,0.0526315789473684,0.0526315789473684,0,0.0036101083032491,0.0072202166064982,NA,0.00451263537906137,0.288808664259928,0.0667870036101083,0.0388086642599278,0,0.0586642599277978,0.0902255639097744,0.0827067669172932,0.075187969924812,0.0864661654135338,0.056390977443609
"Male_Minority_No_FNR_train",NA,0.944444444444444,0.901234567901235,0.91358024691358,0.987654320987654,0.491689750692521,0.454293628808864,0.0609418282548476,0,0.405817174515235,0.604938271604938,0.487654320987654,0.58641975308642,0.41358024691358,0.407407407407407,0.993827160493827,0.851851851851852,0.944444444444444,NA,0.882716049382716,0.484764542936288,0.462603878116344,0.0581717451523546,0,0.376731301939058,0.62962962962963,0.444444444444444,0.530864197530864,0.617283950617284,0.419753086419753
"Male_Majority_Yes_FPR_train",NA,0.0344827586206897,0.0229885057471264,0.00574712643678161,0,0.408045977011494,0.160919540229885,0.0344827586206897,0,0.155172413793103,0.289473684210526,0.131578947368421,0.131578947368421,0.131578947368421,0.131578947368421,0,0.0172413793103448,0.028735632183908,NA,0.0172413793103448,0.396551724137931,0.172413793103448,0.0632183908045977,0,0.166666666666667,0.210526315789474,0.131578947368421,0.131578947368421,0.210526315789474,0.105263157894737
"Male_Majority_Yes_FNR_train",NA,0.769230769230769,0.769230769230769,0.730769230769231,0.961538461538462,0.348623853211009,0.412844036697248,0.018348623853211,0,0.321100917431193,0.461538461538462,0.423076923076923,0.461538461538462,0.307692307692308,0.384615384615385,0.961538461538462,0.692307692307692,0.769230769230769,NA,0.730769230769231,0.348623853211009,0.311926605504587,0.0458715596330275,0,0.211009174311927,0.5,0.384615384615385,0.423076923076923,0.461538461538462,0.384615384615385
"Male_Majority_No_FPR_train",NA,0.00138312586445367,0.000461041954817888,0,0.000461041954817888,0.211157215306593,0.0253573075149839,0.0110650069156293,0,0.0221300138312586,0.027027027027027,0.0193050193050193,0.0173745173745174,0.00965250965250965,0.0115830115830116,NA,0.000461041954817888,0,NA,0,0.116643614568926,0.0147533425541724,0.00922083909635777,0,0.0119870908252651,0,0.0193050193050193,0.0115830115830116,0.0135135135135135,0.00772200772200772
"Male_Majority_No_FNR_train",NA,0.957627118644068,0.927966101694915,0.953389830508475,1,0.72778297474275,0.631431244153414,0.0579981290926099,0,0.359214218896165,0.974576271186441,0.76271186440678,0.830508474576271,0.51271186440678,0.525423728813559,NA,0.923728813559322,0.995762711864407,NA,0.936440677966102,0.80823199251637,0.685687558465856,0.0673526660430309,0,0.463985032740879,0.991525423728814,0.699152542372881,0.805084745762712,0.843220338983051,0.576271186440678
"Female_Minority_Yes_FPR_train",0.325581395348837,0.325581395348837,0.232558139534884,0.232558139534884,0.209302325581395,0.906976744186046,0.558139534883721,0.162790697674419,0,0.674418604651163,0.555555555555556,0.555555555555556,0.666666666666667,0.666666666666667,0.666666666666667,0.255813953488372,0.255813953488372,0.302325581395349,0.186046511627907,0.209302325581395,0.953488372093023,0.604651162790698,0.209302325581395,0,0.697674418604651,0.888888888888889,0.555555555555556,0.666666666666667,0.666666666666667,0.666666666666667
"Female_Minority_Yes_FNR_train",0.307692307692308,0.138461538461538,0.123076923076923,0.0769230769230769,0.430769230769231,0.0557377049180328,0.0229508196721311,0,0,0.00983606557377049,0.0615384615384615,0.0153846153846154,0.0307692307692308,0.0153846153846154,0,0.369230769230769,0.138461538461538,0.230769230769231,0.415384615384615,0.107692307692308,0,0.00983606557377049,0,0,0.00983606557377049,0.0153846153846154,0,0.0153846153846154,0.0307692307692308,0
"Female_Minority_No_FPR_train",0.114754098360656,0.117096018735363,0.107728337236534,0.121779859484778,0.072599531615925,0.501170960187354,0.364168618266979,0.175644028103044,0,0.408665105386417,0.718918918918919,0.302702702702703,0.356756756756757,0.378378378378378,0.383783783783784,0.124121779859485,0.117096018735363,0.124121779859485,0.128805620608899,0.131147540983607,0.596018735362998,0.347775175644028,0.147540983606557,0,0.399297423887588,0.74054054054054,0.32972972972973,0.454054054054054,0.502702702702703,0.372972972972973
"Female_Minority_No_FNR_train",0.469483568075117,0.410798122065728,0.323943661971831,0.345070422535211,0.650234741784038,0.122905027932961,0.0625698324022346,0.00837988826815642,0,0.0435754189944134,0.0821596244131455,0.0727699530516432,0.126760563380282,0.0492957746478873,0.0492957746478873,0.42018779342723,0.330985915492958,0.368544600938967,0.396713615023474,0.347417840375587,0.070391061452514,0.0687150837988827,0.00726256983240223,0,0.0463687150837989,0.0422535211267606,0.0586854460093897,0.0633802816901408,0.0774647887323944,0.0516431924882629
"Female_Majority_Yes_FPR_train",0.17948717948718,0.196581196581197,0.153846153846154,0.196581196581197,0.162393162393162,0.683760683760684,0.504273504273504,0.17948717948718,0,0.555555555555556,0.576923076923077,0.423076923076923,0.423076923076923,0.423076923076923,0.423076923076923,0.188034188034188,0.162393162393162,0.188034188034188,0.188034188034188,0.188034188034188,0.811965811965812,0.461538461538462,0.188034188034188,0,0.547008547008547,0.692307692307692,0.461538461538462,0.5,0.538461538461538,0.5
"Female_Majority_Yes_FNR_train",0.367088607594937,0.215189873417722,0.164556962025316,0.164556962025316,0.443037974683544,0.115501519756839,0.0547112462006079,0,0,0,0.0886075949367089,0.0253164556962025,0.0506329113924051,0.0126582278481013,0.0126582278481013,0.240506329113924,0.164556962025316,0.177215189873418,0.227848101265823,0.177215189873418,0.0182370820668693,0.0759878419452888,0,0,0,0.0253164556962025,0.0506329113924051,0.0379746835443038,0.0379746835443038,0
"Female_Majority_No_FPR_train",0.0126968004062976,0.0279329608938547,0.0269172168613509,0.0228542407313357,0.0167597765363128,0.215337734890808,0.150330116810564,0.0624682579989843,0,0.155408836973083,0.36,0.142222222222222,0.151111111111111,0.142222222222222,0.14,0.015744032503809,0.0299644489588624,0.03199593702387,0.0126968004062976,0.0284408329101067,0.209751142712037,0.149822244794312,0.0716099542915185,0,0.165058405281869,0.328888888888889,0.155555555555556,0.162222222222222,0.168888888888889,0.142222222222222
"Female_Majority_No_FNR_train",0.84861407249467,0.73773987206823,0.626865671641791,0.656716417910448,0.829424307036247,0.354430379746835,0.294547224926972,0.0306718597857838,0,0.184031158714703,0.332622601279318,0.328358208955224,0.366737739872068,0.236673773987207,0.236673773987207,0.837953091684435,0.609808102345416,0.680170575692964,0.837953091684435,0.650319829424307,0.365628042843233,0.285783836416748,0.0316455696202532,0,0.215189873417722,0.321961620469083,0.281449893390192,0.315565031982942,0.368869936034115,0.240938166311301
