"","logistic_regression__Not_Tuned__Threshold_0.5__MissingData_simple_value_imputation__ScarceOutcome_no_method","xgboost__Not_Tuned__Threshold_0.5__MissingData_simple_value_imputation__ScarceOutcome_no_method","xgboost__Tuned__Threshold_0.5__MissingData_simple_value_imputation__ScarceOutcome_no_method","random_forest__Not_Tuned__Threshold_0.5__MissingData_simple_value_imputation__ScarceOutcome_no_method","random_forest__Tuned__Threshold_0.5__MissingData_simple_value_imputation__ScarceOutcome_no_method","logistic_regression__Not_Tuned__Threshold_0.5__MissingData_simple_value_imputation__ScarceOutcome_random_oversampling","xgboost__Not_Tuned__Threshold_0.5__MissingData_simple_value_imputation__ScarceOutcome_random_oversampling","xgboost__Tuned__Threshold_0.5__MissingData_simple_value_imputation__ScarceOutcome_random_oversampling","random_forest__Not_Tuned__Threshold_0.5__MissingData_simple_value_imputation__ScarceOutcome_random_oversampling","random_forest__Tuned__Threshold_0.5__MissingData_simple_value_imputation__ScarceOutcome_random_oversampling","logistic_regression__Not_Tuned__Threshold_0.5__MissingData_simple_value_imputation__ScarceOutcome_random_undersampling","xgboost__Not_Tuned__Threshold_0.5__MissingData_simple_value_imputation__ScarceOutcome_random_undersampling","xgboost__Tuned__Threshold_0.5__MissingData_simple_value_imputation__ScarceOutcome_random_undersampling","random_forest__Not_Tuned__Threshold_0.5__MissingData_simple_value_imputation__ScarceOutcome_random_undersampling","random_forest__Tuned__Threshold_0.5__MissingData_simple_value_imputation__ScarceOutcome_random_undersampling","logistic_regression__Not_Tuned__Threshold_0.5__MissingData_Miss_Forest_Imputation__ScarceOutcome_no_method","xgboost__Not_Tuned__Threshold_0.5__MissingData_Miss_Forest_Imputation__ScarceOutcome_no_method","xgboost__Tuned__Threshold_0.5__MissingData_Miss_Forest_Imputation__ScarceOutcome_no_method","random_forest__Not_Tuned__Threshold_0.5__MissingData_Miss_Forest_Imputation__ScarceOutcome_no_method","random_forest__Tuned__Threshold_0.5__MissingData_Miss_Forest_Imputation__ScarceOutcome_no_method","logistic_regression__Not_Tuned__Threshold_0.5__MissingData_Miss_Forest_Imputation__ScarceOutcome_random_oversampling","xgboost__Not_Tuned__Threshold_0.5__MissingData_Miss_Forest_Imputation__ScarceOutcome_random_oversampling","xgboost__Tuned__Threshold_0.5__MissingData_Miss_Forest_Imputation__ScarceOutcome_random_oversampling","random_forest__Not_Tuned__Threshold_0.5__MissingData_Miss_Forest_Imputation__ScarceOutcome_random_oversampling","random_forest__Tuned__Threshold_0.5__MissingData_Miss_Forest_Imputation__ScarceOutcome_random_oversampling","logistic_regression__Not_Tuned__Threshold_0.5__MissingData_Miss_Forest_Imputation__ScarceOutcome_random_undersampling","xgboost__Not_Tuned__Threshold_0.5__MissingData_Miss_Forest_Imputation__ScarceOutcome_random_undersampling","xgboost__Tuned__Threshold_0.5__MissingData_Miss_Forest_Imputation__ScarceOutcome_random_undersampling","random_forest__Tuned__Threshold_0.5__MissingData_Miss_Forest_Imputation__ScarceOutcome_random_undersampling","random_forest__Not_Tuned__Threshold_0.5__MissingData_Miss_Forest_Imputation__ScarceOutcome_random_undersampling"
"auc",0.839932422054978,0.891276301643375,0.895223467977268,0.807270772538781,0.822930425433881,0.844927046536634,0.857668560896943,0.809442481953619,0.870695745661188,0.82217478113961,0.842131776992775,0.878482567961911,0.889712793733685,0.888960221164183,0.884156043618493,0.859769620641993,0.885750268775919,0.911052065734911,0.809460912302258,0.829933957917371,0.861502073414214,0.884248195361695,0.837456611887571,0.876559668253723,0.840092151743204,0.861416065120552,0.876510520657356,0.864708954077717,0.89208109353402,0.892394409460912
"accuracy_test",0.9565,0.956,0.958,0.9575,0.9585,0.754,0.889,0.9295,0.874,0.94,0.734,0.781,0.8055,0.804,0.844,0.9565,0.958,0.9585,0.9575,0.9565,0.783,0.8905,0.9305,0.88,0.94,0.765,0.8095,0.7725,0.816,0.8085
"accuracy_train",0.955375,0.964875,0.959125,0.95825,0.986,0.746369226743425,0.918029569540756,0.992738453486851,0.930066727724715,1,0.7703081232493,0.913165266106443,0.850140056022409,0.920168067226891,0.817927170868347,0.956125,0.9655,0.959875,0.956625,1,0.776200444851498,0.923393955253173,0.993065550176632,0.93405730734005,0.999803741986131,0.771708683473389,0.918767507002801,0.985994397759104,0.92296918767507,0.92296918767507
"precision",0.25,0.384615384615385,0.571428571428571,0.5,0.571428571428571,0.126605504587156,0.227091633466135,0.240740740740741,0.213058419243986,0.246376811594203,0.120543293718166,0.143434343434343,0.157657657657658,0.155056179775281,0.189041095890411,0.25,0.529411764705882,0.625,NA,0.461538461538462,0.141683778234086,0.234126984126984,0.23,0.222222222222222,0.294117647058824,0.131931166347992,0.162100456621005,0.137254901960784,0.16548463356974,0.161363636363636
"recall",0.0117647058823529,0.0588235294117647,0.0470588235294118,0.0117647058823529,0.0941176470588235,0.811764705882353,0.670588235294118,0.305882352941176,0.729411764705882,0.2,0.835294117647059,0.835294117647059,0.823529411764706,0.811764705882353,0.811764705882353,0.0117647058823529,0.105882352941176,0.0588235294117647,0,0.141176470588235,0.811764705882353,0.694117647058824,0.270588235294118,0.729411764705882,0.294117647058824,0.811764705882353,0.835294117647059,0.823529411764706,0.823529411764706,0.835294117647059
"f1_score",0.0224719101123595,0.102040816326531,0.0869565217391304,0.0229885057471264,0.161616161616162,0.219047619047619,0.339285714285714,0.269430051813472,0.329787234042553,0.220779220779221,0.210682492581602,0.244827586206897,0.264650283553875,0.260377358490566,0.306666666666667,0.0224719101123595,0.176470588235294,0.10752688172043,NA,0.216216216216216,0.241258741258741,0.350148367952522,0.248648648648649,0.340659340659341,0.294117647058824,0.226973684210526,0.27151051625239,0.235294117647059,0.275590551181102,0.27047619047619
"AUC_male_majority_nondiasbled",0.566365408470671,0.748715222399434,0.752525252525254,0.488658514974305,0.557770689349637,0.51568314726209,0.689349636718059,0.575934786461103,0.608364345206451,0.577884104199894,0.459684564947722,0.716994506468192,0.733829523303211,0.67056530214425,0.645135566188199,0.5993265993266,0.771752613857877,0.796827928406876,0.608541555909977,0.620414673046253,0.480418217260322,0.719918483076377,0.626439836966155,0.662147793726743,0.605085947191211,0.466595782385255,0.722310827573985,0.699893673577887,0.708576998050683,0.703172071593126
"AUC_male_majority_disabled",NA,NA,NA,NA,NA,NA,NA,NA,NA,NA,NA,NA,NA,NA,NA,NA,NA,NA,NA,NA,NA,NA,NA,NA,NA,NA,NA,NA,NA,NA
"AUC_male_minority_nondiasbled",0.757097791798107,0.73186119873817,0.848580441640379,0.962145110410095,0.987381703470032,0.741324921135647,0.892744479495268,0.993690851735016,0.924290220820189,0.993690851735016,0.700315457413249,0.703470031545741,0.646687697160883,0.834384858044164,0.782334384858044,0.933753943217666,0.856466876971609,0.94006309148265,0.910094637223975,0.906940063091483,0.914826498422713,0.949526813880126,0.8801261829653,0.905362776025237,0.873817034700315,0.911671924290221,0.851735015772871,0.8801261829653,0.865930599369085,0.8801261829653
"AUC_male_minority_disabled",0.6,0.822222222222222,0.755555555555556,0.877777777777778,0.788888888888889,0.6,0.711111111111111,0.622222222222222,0.777777777777778,0.755555555555556,0.6,0.688888888888889,0.744444444444444,0.777777777777778,0.8,0.833333333333334,0.788888888888889,0.844444444444445,0.716666666666667,0.738888888888889,0.777777777777778,0.677777777777778,0.688888888888889,0.688888888888889,0.633333333333333,0.777777777777778,0.711111111111111,0.655555555555556,0.744444444444445,0.744444444444445
"AUC_female_majority_nondiasbled",0.829640858208953,0.892490671641791,0.875349813432835,0.785214552238806,0.790636660447761,0.861823694029849,0.877973414179102,0.814015858208955,0.846548507462688,0.779617537313433,0.885960820895521,0.878439832089552,0.891208022388058,0.892082555970149,0.898729011194031,0.85762593283582,0.859141791044777,0.898087686567164,0.797691231343284,0.790928171641792,0.862173507462686,0.871618470149252,0.81553171641791,0.845265858208956,0.809643190298508,0.8955223880597,0.872609608208955,0.827950093283581,0.882870802238806,0.880830223880597
"AUC_female_majority_disabled",0.986486486486487,0.943693693693694,0.990990990990991,0.914414414414414,0.86036036036036,0.990990990990991,0.86936936936937,0.81981981981982,0.927927927927928,0.849099099099099,0.981981981981982,0.932432432432432,0.959459459459459,0.934684684684685,0.977477477477477,0.977477477477477,0.936936936936937,0.981981981981982,0.914414414414414,0.846846846846847,0.981981981981982,0.914414414414414,0.887387387387387,0.936936936936937,0.891891891891892,0.981981981981982,0.918918918918919,0.927927927927928,0.948198198198198,0.934684684684685
"AUC_female_minority_nondiasbled",0.820834549168369,0.827691858768601,0.834731543624159,0.740589436825211,0.76236504231106,0.827764808870733,0.794317187044063,0.74179311351036,0.833272541581558,0.761161365625912,0.822731251823752,0.813539538955354,0.827618908666471,0.828859060402683,0.83487744382842,0.851108841552376,0.820250948351327,0.844616282462795,0.73438867814415,0.768821126349577,0.845491683688356,0.831193463670849,0.780201342281879,0.833929092500729,0.78589145024803,0.836227020717829,0.8040925007295,0.810001459002041,0.836518821126348,0.835278669390136
"AUC_female_minority_disabled",0.8375,0.70625,0.8125,0.5875,0.5625,0.825,0.7625,0.7375,0.8,0.5875,0.8375,0.79375,0.93125,0.8,0.875,0.8375,0.79375,0.89375,0.6625,0.5625,0.825,0.825,0.7625,0.8125,0.75,0.8375,0.81875,0.875,0.80625,0.8375
"proportion_favorable_benchmark_test",0.998,0.9935,0.9965,0.999,0.993,0.7275,0.8745,0.946,0.8545,0.9655,0.7055,0.7525,0.778,0.7775,0.8175,0.998,0.9915,0.996,1,0.987,0.7565,0.874,0.95,0.8605,0.9575,0.7385,0.781,0.745,0.7885,0.78
"FPR_benchmark_test",0.00156657963446475,0.004177545691906,0.00156657963446475,0.000522193211488251,0.0031331592689295,0.248563968668407,0.101305483028721,0.0428198433420366,0.119582245430809,0.027154046997389,0.270496083550914,0.221409921671018,0.195300261096606,0.196344647519582,0.154569190600522,0.00156657963446475,0.004177545691906,0.00156657963446475,0,0.00731070496083551,0.218276762402089,0.100783289817232,0.0402088772845953,0.11331592689295,0.031331592689295,0.237075718015666,0.191644908616188,0.22976501305483,0.184334203655352,0.192689295039164
"FNR_benchmark_test",0.988235294117647,0.941176470588235,0.952941176470588,0.988235294117647,0.905882352941176,0.188235294117647,0.329411764705882,0.694117647058824,0.270588235294118,0.8,0.164705882352941,0.164705882352941,0.176470588235294,0.188235294117647,0.188235294117647,0.988235294117647,0.894117647058824,0.941176470588235,1,0.858823529411765,0.188235294117647,0.305882352941176,0.729411764705882,0.270588235294118,0.705882352941177,0.188235294117647,0.164705882352941,0.176470588235294,0.176470588235294,0.164705882352941
"FPR_train",0.0010467094073008,0.001308386759126,0.0010467094073008,0,0,0.2461075493916,0.0993065550176632,0.0145230930262986,0.114483841423525,0,0.2296918767507,0.0532212885154062,0.117647058823529,0.0868347338935574,0.131652661064426,0.0014392254350386,0.000915870731388198,0.0011775480832134,0,0,0.216538008635353,0.090540363731519,0.0138688996467356,0.111867067905273,0.000392516027737799,0.224089635854342,0.0392156862745098,0.0140056022408964,0.0868347338935574,0.0868347338935574
"FNR_train",0.977591036414566,0.759103641456583,0.893557422969188,0.935574229691877,0.313725490196078,0.261153997121549,0.0646343059008243,0,0.0253827031270444,0,0.2296918767507,0.120448179271709,0.182072829131653,0.0728291316526611,0.23249299719888,0.952380952380952,0.753501400560224,0.873949579831933,0.971988795518207,0,0.231061101661651,0.0626717257621353,0,0.0200183174146278,0,0.23249299719888,0.123249299719888,0.0140056022408964,0.0672268907563025,0.0672268907563025
"FPR_lenient",0.0835509138381201,0.0725848563968668,0.0731070496083551,0.138381201044386,0.150913838120104,0.00887728459530026,0.0031331592689295,0.000522193211488251,0.0360313315926893,0.0391644908616188,0.0114882506527415,0.0151436031331593,0.0109660574412533,0.0130548302872063,0.0135770234986945,0.0710182767624021,0.0710182767624021,0.0694516971279373,0.143080939947781,0.155613577023499,0.00887728459530026,0.0031331592689295,0,0.0349869451697128,0.0386422976501305,0.00731070496083551,0.0120104438642298,0.0114882506527415,0.00992167101827676,0.014621409921671
"FNR_lenient",0.364705882352941,0.388235294117647,0.352941176470588,0.458823529411765,0.388235294117647,0.764705882352941,0.894117647058824,0.964705882352941,0.623529411764706,0.705882352941177,0.776470588235294,0.741176470588235,0.682352941176471,0.811764705882353,0.764705882352941,0.317647058823529,0.4,0.329411764705882,0.458823529411765,0.376470588235294,0.764705882352941,0.858823529411765,0.976470588235294,0.611764705882353,0.694117647058824,0.776470588235294,0.764705882352941,0.752941176470588,0.823529411764706,0.764705882352941
"FPR_stringent",0.88668407310705,0.880939947780679,0.896083550913838,1,1,0.825065274151436,0.783812010443864,0.797911227154047,0.832375979112272,1,0.80313315926893,0.876762402088773,0.865274151436031,0.924281984334204,0.884595300261097,0.885117493472585,0.891383812010444,0.900783289817232,1,1,0.824543080939948,0.801566579634465,0.809399477806789,0.828198433420366,1,0.821409921671018,0.87154046997389,0.883028720626632,0.929503916449086,0.921148825065274
"FNR_stringent",0.0470588235294118,0,0,0,0,0.0588235294117647,0.0117647058823529,0.0352941176470588,0.0352941176470588,0,0.0588235294117647,0.0117647058823529,0,0,0,0.0588235294117647,0,0,0,0,0.0470588235294118,0,0.0117647058823529,0.0235294117647059,0,0.0470588235294118,0,0,0,0
"Male_proportion_favorable",0.999035679845709,NA,NA,NA,NA,0.820636451301832,0.971070395371263,0.99228543876567,0.964320154291225,0.991321118611379,0.800385728061716,0.851494696239151,0.888138862102218,0.8900675024108,0.953712632594021,NA,NA,NA,NA,NA,0.891031822565092,0.972999035679846,0.989392478302797,0.972034715525555,0.991321118611379,0.874638379942141,0.891996142719383,0.849566055930569,0.910318225650916,0.893924783027965
"Male_FPR",0.0009765625,NA,NA,NA,NA,0.1767578125,0.02734375,0.0068359375,0.0341796875,0.0078125,0.19921875,0.14453125,0.1083984375,0.1083984375,0.044921875,NA,NA,NA,NA,NA,0.107421875,0.025390625,0.0107421875,0.0263671875,0.0087890625,0.1240234375,0.103515625,0.1455078125,0.0869140625,0.1025390625
"Male_FNR",1,NA,NA,NA,NA,0.615384615384615,0.846153846153846,0.923076923076923,0.846153846153846,0.923076923076923,0.769230769230769,0.538461538461538,0.615384615384615,0.769230769230769,0.846153846153846,NA,NA,NA,NA,NA,0.769230769230769,0.846153846153846,1,0.846153846153846,1,0.769230769230769,0.538461538461538,0.461538461538462,0.692307692307692,0.615384615384615
"Female_proportion_favorable",0.996884735202492,0.9865005192108,0.992731048805815,0.997923156801661,0.98546209761163,0.627206645898235,0.770508826583593,0.896157840083074,0.736240913811007,0.937694704049844,0.603322949117342,0.645898234683281,0.659397715472482,0.656282450674974,0.670820353063344,0.995846313603323,0.982346832814122,0.991692627206646,NA,0.973001038421599,0.611630321910696,0.767393561786085,0.907580477673936,0.740394600207684,0.921079958463136,0.59190031152648,0.66147455867082,0.632398753894081,0.657320872274143,0.657320872274143
"Female_FPR",0.00224466891133558,0.00897867564534231,0.00336700336700337,0.00112233445566779,0.00673400673400673,0.331088664421998,0.186307519640853,0.0841750841750842,0.217732884399551,0.0493827160493827,0.352413019079686,0.30976430976431,0.295173961840628,0.297418630751964,0.280583613916947,0.00336700336700337,0.00897867564534231,0.00336700336700337,NA,0.015712682379349,0.345679012345679,0.187429854096521,0.0740740740740741,0.21324354657688,0.0572390572390572,0.367003367003367,0.292929292929293,0.326599326599327,0.296296296296296,0.296296296296296
"Female_FNR",0.986111111111111,0.930555555555556,0.944444444444444,0.986111111111111,0.888888888888889,0.111111111111111,0.236111111111111,0.652777777777778,0.166666666666667,0.777777777777778,0.0555555555555556,0.0972222222222222,0.0972222222222222,0.0833333333333333,0.0694444444444444,0.986111111111111,0.875,0.930555555555556,NA,0.833333333333333,0.0833333333333333,0.208333333333333,0.680555555555556,0.166666666666667,0.652777777777778,0.0833333333333333,0.0972222222222222,0.125,0.0833333333333333,0.0833333333333333
"Disabled_proportion_favourable",0.986666666666667,0.973333333333333,0.973333333333333,0.986666666666667,0.98,0.48,0.686666666666667,0.88,0.66,0.906666666666667,0.453333333333333,0.58,0.566666666666667,0.533333333333333,0.54,0.98,0.973333333333333,0.973333333333333,NA,0.973333333333333,0.453333333333333,0.68,0.88,0.653333333333333,0.88,0.446666666666667,0.566666666666667,0.546666666666667,0.54,0.526666666666667
"Disabled_FPR",0.0072992700729927,0.0218978102189781,0.0145985401459854,0.0072992700729927,0.0145985401459854,0.481751824817518,0.255474452554745,0.102189781021898,0.284671532846715,0.072992700729927,0.510948905109489,0.372262773722628,0.386861313868613,0.423357664233577,0.416058394160584,0.0145985401459854,0.0145985401459854,0.0145985401459854,NA,0.0145985401459854,0.510948905109489,0.262773722627737,0.0948905109489051,0.291970802919708,0.0875912408759124,0.518248175182482,0.386861313868613,0.408759124087591,0.416058394160584,0.430656934306569
"Disabled_FNR",0.923076923076923,0.923076923076923,0.846153846153846,0.923076923076923,0.923076923076923,0.0769230769230769,0.0769230769230769,0.692307692307692,0.0769230769230769,0.692307692307692,0.0769230769230769,0.0769230769230769,0.0769230769230769,0.0769230769230769,0.0769230769230769,0.923076923076923,0.846153846153846,0.846153846153846,NA,0.846153846153846,0.0769230769230769,0.0769230769230769,0.615384615384615,0.0769230769230769,0.538461538461538,0.0769230769230769,0.0769230769230769,0.0769230769230769,0.0769230769230769,0.0769230769230769
"Abled_proportion_favorable",0.998918918918919,0.995135135135135,0.998378378378378,NA,0.994054054054054,0.747567567567568,0.88972972972973,0.951351351351351,0.87027027027027,0.97027027027027,0.725945945945946,0.766486486486487,0.795135135135135,0.797297297297297,0.84,0.99945945945946,0.992972972972973,0.997837837837838,NA,0.988108108108108,0.781081081081081,0.88972972972973,0.955675675675676,0.877297297297297,0.963783783783784,0.762162162162162,0.798378378378378,0.761081081081081,0.808648648648649,0.800540540540541
"Abled_FPR",0.00112485939257593,0.00281214848143982,0.000562429696287964,NA,0.00224971878515186,0.230596175478065,0.0894263217097863,0.0382452193475816,0.106861642294713,0.0236220472440945,0.251968503937008,0.209786276715411,0.180539932508436,0.178852643419573,0.134420697412823,0.000562429696287964,0.00337457817772778,0.000562429696287964,NA,0.00674915635545557,0.195725534308211,0.0883014623172104,0.0359955005624297,0.0995500562429696,0.0269966254218223,0.21541057367829,0.176602924634421,0.215973003374578,0.166479190101237,0.174353205849269
"Abled_FNR",1,0.944444444444444,0.972222222222222,NA,0.902777777777778,0.208333333333333,0.375,0.694444444444444,0.305555555555556,0.819444444444444,0.180555555555556,0.180555555555556,0.194444444444444,0.208333333333333,0.208333333333333,1,0.902777777777778,0.958333333333333,NA,0.861111111111111,0.208333333333333,0.347222222222222,0.75,0.305555555555556,0.736111111111111,0.208333333333333,0.180555555555556,0.194444444444444,0.194444444444444,0.180555555555556
"Minority_proportion_favorable",0.995827538247566,0.987482614742698,0.991655076495132,0.998609179415855,0.987482614742698,0.56884561891516,0.78442280945758,0.90125173852573,0.753824756606398,0.933240611961057,0.52990264255911,0.674547983310153,0.670375521557719,0.666203059805285,0.678720445062587,0.994436717663421,0.98191933240612,0.991655076495132,NA,0.977746870653686,0.58692628650904,0.776077885952712,0.90125173852573,0.762169680111266,0.920723226703755,0.559109874826147,0.66759388038943,0.652294853963839,0.678720445062587,0.668984700973574
"Minority_FPR",0.00300751879699248,0.0075187969924812,0.00451127819548872,0.00150375939849624,0.00300751879699248,0.393984962406015,0.172932330827068,0.0766917293233083,0.2,0.0511278195488722,0.430075187969925,0.278195488721804,0.282706766917293,0.287218045112782,0.27218045112782,0.00451127819548872,0.0075187969924812,0.00300751879699248,NA,0.00902255639097744,0.369924812030075,0.177443609022556,0.0796992481203008,0.189473684210526,0.0556390977443609,0.401503759398496,0.285714285714286,0.303759398496241,0.273684210526316,0.28421052631579
"Minority_FNR",0.981481481481482,0.925925925925926,0.944444444444444,1,0.87037037037037,0.111111111111111,0.259259259259259,0.62962962962963,0.185185185185185,0.740740740740741,0.037037037037037,0.0925925925925926,0.0925925925925926,0.0925925925925926,0.0740740740740741,0.981481481481482,0.851851851851852,0.925925925925926,NA,0.814814814814815,0.0555555555555556,0.203703703703704,0.666666666666667,0.166666666666667,0.62962962962963,0.0740740740740741,0.0925925925925926,0.111111111111111,0.0925925925925926,0.0925925925925926
"Majority_proportion_favorable",0.999219359875098,0.99687743950039,0.999219359875098,0.999219359875098,0.996096799375488,0.816549570647931,0.925058548009368,0.97111631537861,0.911007025761124,0.983606557377049,0.804059328649493,0.796252927400468,0.838407494145199,0.839968774395004,0.895394223263076,NA,0.99687743950039,0.998438719750195,NA,0.992193598750976,0.85167837626854,0.92896174863388,0.97736143637783,0.915690866510539,0.978142076502732,0.839188134270102,0.844652615144418,0.797033567525371,0.850117096018735,0.842310694769711
"Majority_FPR",8e-04,0.0024,0,0,0.0032,0.1712,0.0632,0.0248,0.0768,0.0144,0.1856,0.1912,0.1488,0.148,0.092,NA,0.0024,8e-04,NA,0.0064,0.1376,0.06,0.0192,0.0728,0.0184,0.1496,0.1416,0.1904,0.1368,0.144
"Majority_FNR",1,0.967741935483871,0.967741935483871,0.967741935483871,0.967741935483871,0.32258064516129,0.451612903225806,0.806451612903226,0.419354838709677,0.903225806451613,0.387096774193548,0.290322580645161,0.32258064516129,0.354838709677419,0.387096774193548,NA,0.967741935483871,0.967741935483871,NA,0.935483870967742,0.419354838709677,0.483870967741935,0.838709677419355,0.451612903225806,0.838709677419355,0.387096774193548,0.290322580645161,0.290322580645161,0.32258064516129,0.290322580645161
"Male_Minority_Yes_proportion_favorable",NA,NA,NA,NA,NA,0.696969696969697,0.727272727272727,0.909090909090909,0.696969696969697,0.909090909090909,0.696969696969697,0.696969696969697,0.696969696969697,0.666666666666667,0.666666666666667,NA,NA,NA,NA,NA,0.666666666666667,0.727272727272727,0.909090909090909,0.727272727272727,0.909090909090909,0.666666666666667,0.636363636363636,0.666666666666667,0.666666666666667,0.666666666666667
"Male_Minority_Yes_proportion_favorable_ratio",NA,NA,NA,NA,NA,0.958033947724669,0.831644056343885,0.960984047664809,0.81564622231679,0.941575255402288,0.987908854670017,0.926205577368368,0.895847939549739,0.857449088960343,0.815494393476045,NA,NA,NA,NA,NA,0.881251376955277,0.832119825254837,0.956937799043062,0.845174581374465,0.94944220270591,0.902730760550666,0.814806192527063,0.894854586129754,0.845487212005918,0.854700854700855
"Male_Minority_Yes_FPR",NA,NA,NA,NA,NA,0.266666666666667,0.233333333333333,0.1,0.266666666666667,0.1,0.266666666666667,0.266666666666667,0.266666666666667,0.3,0.3,NA,NA,NA,NA,NA,0.3,0.233333333333333,0.1,0.233333333333333,0.1,0.3,0.333333333333333,0.3,0.3,0.3
"Male_Minority_Yes_FPR_ratio",NA,NA,NA,NA,NA,1.07282913165266,2.303264604811,2.33536585365854,2.22998544395924,3.68269230769231,0.985842985842986,1.20440251572327,1.36541889483066,1.52792553191489,1.94087837837838,NA,NA,NA,NA,NA,1.3744019138756,2.31519861830743,2.48701298701299,2.05913978494624,3.19166666666667,1.26541850220264,1.73932788374205,1.30568181818182,1.62747875354108,1.55691056910569
"Male_Minority_Yes_FNR",NA,NA,NA,NA,NA,0.333333333333333,0.333333333333333,1,0.333333333333333,1,0.333333333333333,0.333333333333333,0.333333333333333,0.333333333333333,0.333333333333333,NA,NA,NA,NA,NA,0.333333333333333,0.333333333333333,1,0.333333333333333,1,0.333333333333333,0.333333333333333,0.333333333333333,0.333333333333333,0.333333333333333
"Male_Minority_Yes_FNR_ratio",NA,NA,NA,NA,NA,1.77083333333333,1.01190476190476,1.4406779661017,1.23188405797101,1.25,2.02380952380952,2.02380952380952,1.88888888888889,1.77083333333333,1.77083333333333,NA,NA,NA,NA,NA,1.77083333333333,1.08974358974359,1.37096774193548,1.23188405797101,1.41666666666667,1.77083333333333,2.02380952380952,1.88888888888889,1.88888888888889,2.02380952380952
"Male_Minority_No_proportion_favorable",NA,NA,NA,NA,NA,0.682389937106918,0.965408805031447,0.990566037735849,0.946540880503145,0.990566037735849,0.641509433962264,0.893081761006289,0.905660377358491,0.867924528301887,0.911949685534591,NA,NA,NA,NA,NA,0.770440251572327,0.962264150943396,0.987421383647799,0.965408805031447,0.993710691823899,0.726415094339623,0.90251572327044,0.858490566037736,0.908805031446541,0.883647798742138
"Male_Minority_No_proportion_favorable_ratio",NA,NA,NA,NA,NA,0.937993040696795,1.10395518013888,1.04710997646496,1.10771314277723,1.02596171697136,0.909297567629006,1.1868196159552,1.16408788863559,1.11630164411818,1.11553478352855,NA,NA,NA,NA,NA,1.01842729883982,1.10098873105652,1.03939093015558,1.12191610114055,1.03781795490747,0.983635875883037,1.15558991455882,1.15233633025199,1.15257454844203,1.13288179325915
"Male_Minority_No_FPR",NA,NA,NA,NA,NA,0.315457413249211,0.0347003154574132,0.00630914826498423,0.0536277602523659,0.00630914826498423,0.356466876971609,0.107255520504732,0.0946372239747634,0.132492113564669,0.0883280757097792,NA,NA,NA,NA,NA,0.227129337539432,0.0378548895899054,0.0126182965299685,0.0347003154574132,0.00630914826498423,0.271293375394322,0.0977917981072555,0.138801261829653,0.0914826498422713,0.116719242902208
"Male_Minority_No_FPR_ratio",NA,NA,NA,NA,NA,1.2691196352358,0.342531464437868,0.147341694237132,0.44845921783092,0.232346517835477,1.31782638880431,0.484420570204155,0.484572951635486,0.674793610309417,0.57144684116293,NA,NA,NA,NA,NA,1.04055665403831,0.375606806034553,0.313818673440125,0.306226286179476,0.20136698212408,1.14433218916327,0.510276003747668,0.60410094637224,0.496286896453115,0.605738076308208
"Male_Minority_No_FNR",NA,NA,NA,NA,NA,0,1,0,1,0,0,1,1,1,1,NA,NA,NA,NA,NA,0,1,1,1,1,0,1,0,1,1
"Male_Minority_No_FNR_ratio",NA,NA,NA,NA,NA,0,3.03571428571429,0,3.69565217391304,0,0,6.07142857142857,5.66666666666667,5.3125,5.3125,NA,NA,NA,NA,NA,0,3.26923076923077,1.37096774193548,3.69565217391304,1.41666666666667,0,6.07142857142857,0,5.66666666666667,6.07142857142857
"Male_Majority_Yes_proportion_favorable",NA,NA,NA,NA,NA,0.58,0.92,NA,0.88,NA,0.56,0.86,0.86,0.82,0.84,NA,NA,NA,NA,NA,0.66,0.92,0.96,0.86,0.98,0.6,0.82,0.78,0.82,0.78
"Male_Majority_Yes_proportion_favorable_ratio",NA,NA,NA,NA,NA,0.797250859106529,1.05202973127501,NA,1.02984201287303,NA,0.793763288447909,1.14285714285714,1.10539845758355,1.05466237942122,1.02752293577982,NA,NA,NA,NA,NA,0.872438863185724,1.05263157894737,1.01052631578947,0.999418942475305,1.02349869451697,0.812457684495599,1.04993597951344,1.04697986577181,1.03994927076728,1
"Male_Majority_Yes_FPR",NA,NA,NA,NA,NA,0.42,0.08,NA,0.12,NA,0.44,0.14,0.14,0.18,0.16,NA,NA,NA,NA,NA,0.34,0.08,0.04,0.14,0.02,0.4,0.18,0.22,0.18,0.22
"Male_Majority_Yes_FPR_ratio",NA,NA,NA,NA,NA,1.68970588235294,0.789690721649485,NA,1.00349344978166,NA,1.62664092664093,0.632311320754717,0.716844919786096,0.916755319148936,1.03513513513514,NA,NA,NA,NA,NA,1.55765550239234,0.793782383419689,0.994805194805195,1.23548387096774,0.638333333333333,1.68722466960352,0.939237057220708,0.9575,0.976487252124646,1.14173441734417
"Male_Majority_Yes_FNR",NA,NA,NA,NA,NA,NA,NA,NA,NA,NA,NA,NA,NA,NA,NA,NA,NA,NA,NA,NA,NA,NA,NA,NA,NA,NA,NA,NA,NA,NA
"Male_Majority_Yes_FNR_ratio",NA,NA,NA,NA,NA,NA,NA,NA,NA,NA,NA,NA,NA,NA,NA,NA,NA,NA,NA,NA,NA,NA,NA,NA,NA,NA,NA,NA,NA,NA
"Male_Majority_No_proportion_favorable",0.998427672955975,NA,NA,NA,NA,0.915094339622642,0.990566037735849,0.99685534591195,0.993710691823899,0.995283018867924,0.904088050314465,0.838050314465409,0.891509433962264,0.918238993710692,0.998427672955975,NA,NA,NA,NA,NA,0.981132075471698,0.995283018867924,0.99685534591195,0.99685534591195,0.995283018867924,0.981132075471698,0.905660377358491,0.860062893081761,0.930817610062893,0.919811320754717
"Male_Majority_No_proportion_favorable_ratio",1.00042853001601,NA,NA,NA,NA,1.25786163522013,1.13272274183631,1.05375829377585,1.16291479441065,1.03084724895694,1.28148554261441,1.11368812553543,1.14589901537566,1.18101478290764,1.2213182543804,NA,NA,NA,NA,NA,1.29693598872663,1.13876775614179,1.04932141674942,1.15846059954904,1.03946007192473,1.32854715703683,1.15961636025415,1.15444683635136,1.18049157902713,1.17924528301887
"Male_Majority_No_FPR",0.00159489633173844,NA,NA,NA,NA,0.0829346092503987,0.00956937799043062,0.00318979266347687,0.00637958532695375,0.00478468899521531,0.0972886762360447,0.157894736842105,0.105263157894737,0.0813397129186603,0.00159489633173844,NA,NA,NA,NA,NA,0.0191387559808612,0.00478468899521531,0.00318979266347687,0.00318979266347687,0.00478468899521531,0.0191387559808612,0.0893141945773525,0.135566188197767,0.0669856459330144,0.076555023923445
"Male_Majority_No_FPR_ratio",1.0180754917597,NA,NA,NA,NA,0.333654993097718,0.0944606126374982,0.0744933286653441,0.0533489340660106,0.176205373573795,0.359667596509702,0.713133068520357,0.538981142696313,0.414270080423496,0.0103183326867537,NA,NA,NA,NA,NA,0.0876811428309792,0.0474750229317996,0.0793305577994573,0.0281495527675494,0.152711323763955,0.0807284530910777,0.466040007127057,0.590021023633464,0.363392385160687,0.397297752881835
"Male_Majority_No_FNR",1,NA,NA,NA,NA,0.777777777777778,1,1,1,1,1,0.555555555555556,0.666666666666667,0.888888888888889,1,NA,NA,NA,NA,NA,1,1,1,1,1,1,0.555555555555556,0.555555555555556,0.777777777777778,0.666666666666667
"Male_Majority_No_FNR_ratio",1.01190476190476,NA,NA,NA,NA,4.13194444444444,3.03571428571429,1.4406779661017,3.69565217391304,1.25,6.07142857142857,3.37301587301587,3.77777777777778,4.72222222222222,5.3125,NA,NA,NA,NA,NA,5.3125,3.26923076923077,1.37096774193548,3.69565217391304,1.41666666666667,5.3125,3.37301587301587,3.14814814814815,4.40740740740741,4.04761904761905
"Female_Minority_Yes_proportion_favorable",0.916666666666667,0.875,0.875,0.958333333333333,0.916666666666667,0.25,0.333333333333333,0.666666666666667,0.291666666666667,0.708333333333333,0.125,0.0833333333333333,0.0833333333333333,0.0833333333333333,0.0833333333333333,0.875,0.875,0.875,NA,0.958333333333333,0.0416666666666667,0.333333333333333,0.666666666666667,0.291666666666667,0.75,0.0833333333333333,0.0833333333333333,0.0833333333333333,0.0833333333333333,0.0833333333333333
"Female_Minority_Yes_proportion_favorable_ratio",0.918503674014696,0.880724710619024,0.878073256397391,0.959292625959293,0.923128566633098,0.343642611683849,0.381170192490947,0.704721634954193,0.341330212599961,0.733644053167616,0.177179305457123,0.110741971207087,0.107112253641817,0.107181136120043,0.101936799184506,0.876753507014028,0.882501260716087,0.8785140562249,NA,0.970955758189801,0.0550782110597048,0.3813882532418,0.701754385964912,0.338950222738718,0.783289817232376,0.112841345068833,0.106700810926163,0.111856823266219,0.10568590150074,0.106837606837607
"Female_Minority_Yes_FPR",0.05,0.15,0.1,0.05,0.1,0.7,0.6,0.3,0.65,0.3,0.85,0.9,0.9,0.9,0.9,0.1,0.1,0.1,NA,0.05,0.95,0.6,0.3,0.65,0.2,0.9,0.9,0.9,0.9,0.9
"Female_Minority_Yes_FPR_ratio",31.9166666666667,35.90625,63.8333333333333,95.75,31.9166666666667,2.81617647058824,5.92268041237113,7.00609756097561,5.43558951965066,11.0480769230769,3.14237451737452,4.06485849056604,4.60828877005348,4.58377659574468,5.82263513513514,63.8333333333333,23.9375,63.8333333333333,NA,6.83928571428572,4.35227272727273,5.95336787564767,7.46103896103896,5.73617511520737,6.38333333333333,3.79625550660793,4.69618528610354,3.91704545454545,4.88243626062323,4.67073170731707
"Female_Minority_Yes_FNR",0.75,1,0.75,1,1,0,0,0.5,0,0.75,0,0,0,0,0,0.75,0.75,0.75,NA,1,0,0,0.5,0,0.5,0,0,0,0,0
"Female_Minority_Yes_FNR_ratio",0.758928571428571,1.0625,0.787037037037037,1.01190476190476,1.1038961038961,0,0,0.720338983050848,0,0.9375,0,0,0,0,0,0.758928571428571,0.838815789473684,0.796875,NA,1.16438356164384,0,0,0.685483870967742,0,0.708333333333333,0,0,0,0,0
"Female_Minority_No_proportion_favorable",0.997093023255814,0.982558139534884,0.991279069767442,NA,0.979651162790698,0.473837209302326,0.65406976744186,0.834302325581395,0.613372093023256,0.898255813953488,0.438953488372093,0.511627906976744,0.491279069767442,0.520348837209302,0.505813953488372,0.997093023255814,0.97093023255814,0.991279069767442,NA,0.956395348837209,0.447674418604651,0.63953488372093,0.837209302325581,0.61046511627907,0.866279069767442,0.427325581395349,0.494186046511628,0.5,0.508720930232558,0.511627906976744
"Female_Minority_No_proportion_favorable_ratio",0.999091205667148,0.988986552123688,0.994760732330599,NA,0.986557062226282,0.65132262447055,0.747935697474969,0.88192634839471,0.717814035135466,0.93035299218383,0.622187793581989,0.679904195317933,0.631464099958151,0.669258954610035,0.618732664817581,0.999091205667148,0.979253890628482,0.995260110208275,NA,0.968992248062016,0.591770546734503,0.73173327656857,0.881272949816402,0.709430698755456,0.90473009897383,0.578639920643668,0.632760622934223,0.671140939597315,0.645175561487074,0.655933214072749
"Female_Minority_No_FPR",0.00335570469798658,0.00671140939597315,0.00335570469798658,NA,0,0.469798657718121,0.285234899328859,0.134228187919463,0.318791946308725,0.0771812080536913,0.496644295302013,0.419463087248322,0.442953020134228,0.409395973154362,0.422818791946309,0.00335570469798658,0.0100671140939597,0,NA,0.0167785234899329,0.48993288590604,0.291946308724832,0.134228187919463,0.318791946308725,0.0939597315436242,0.516778523489933,0.439597315436242,0.439597315436242,0.422818791946309,0.419463087248322
"Female_Minority_No_FPR_ratio",2.1420581655481,1.60654362416107,2.1420581655481,NA,0,1.89005132254244,2.81559191863281,3.13471926665575,2.6658802496996,2.84234641197728,1.83604985618408,1.89450899075598,2.26806158705093,2.08508853348565,2.73546617086886,2.1420581655481,2.40981543624161,0,NA,2.29506232023011,2.24454898686619,2.89677295962722,3.33827246578924,2.81330219899174,2.99888143176734,2.17980368388375,2.29381160506922,1.91324740695546,2.29376200163507,2.17688837962205
"Female_Minority_No_FNR",1,0.91304347826087,0.956521739130435,NA,0.847826086956522,0.108695652173913,0.260869565217391,0.630434782608696,0.173913043478261,0.739130434782609,0.0217391304347826,0.0652173913043478,0.0652173913043478,0.0652173913043478,0.0434782608695652,1,0.847826086956522,0.934782608695652,NA,0.782608695652174,0.0434782608695652,0.195652173913043,0.652173913043478,0.152173913043478,0.608695652173913,0.0652173913043478,0.0652173913043478,0.108695652173913,0.0652173913043478,0.0652173913043478
"Female_Minority_No_FNR_ratio",1.01190476190476,0.970108695652174,1.00375738056897,NA,0.935911914172784,0.577445652173913,0.791925465838509,0.90825350036846,0.642722117202268,0.923913043478261,0.131987577639752,0.395962732919255,0.369565217391304,0.346467391304348,0.230978260869565,1.01190476190476,0.948226544622426,0.99320652173913,NA,0.911256700416915,0.230978260869565,0.639632107023411,0.894109396914446,0.562381852551985,0.86231884057971,0.346467391304348,0.395962732919255,0.615942028985507,0.369565217391304,0.395962732919255
"Female_Majority_Yes_proportion_favorable",NA,0.976744186046512,0.976744186046512,0.976744186046512,0.976744186046512,0.325581395348837,0.581395348837209,0.837209302325581,0.581395348837209,0.906976744186046,0.325581395348837,0.441860465116279,0.395348837209302,0.348837209302326,0.348837209302326,NA,0.976744186046512,0.976744186046512,NA,0.930232558139535,0.27906976744186,0.558139534883721,0.883720930232558,0.558139534883721,0.813953488372093,0.302325581395349,0.488372093023256,0.441860465116279,0.372093023255814,0.372093023255814
"Female_Majority_Yes_proportion_favorable_ratio",NA,0.983134560691003,0.980174797838948,0.977721907954466,0.983629593198904,0.447534564053384,0.664831731088861,0.884999262500615,0.680392450365371,0.939385545506004,0.461490283981343,0.587189986865487,0.508160459137921,0.448665220967621,0.426712182632814,NA,0.985117686380748,0.980666853460353,NA,0.942484861336915,0.368895925237093,0.638603586823479,0.930232558139535,0.648622353147845,0.850081972190175,0.409377903040418,0.625316380311467,0.593101295458093,0.471899839259117,0.477042337507454
"Female_Majority_Yes_FPR",NA,0,0,0,0,0.621621621621622,0.324324324324324,0.135135135135135,0.324324324324324,0.027027027027027,0.621621621621622,0.486486486486487,0.540540540540541,0.594594594594595,0.594594594594595,NA,0,0,NA,0.027027027027027,0.675675675675676,0.351351351351351,0.0540540540540541,0.351351351351351,0.108108108108108,0.648648648648649,0.432432432432432,0.486486486486487,0.567567567567568,0.567567567567568
"Female_Majority_Yes_FPR_ratio",NA,0,0,0,0,2.50085169202816,3.20144887155196,3.15589980224127,2.71214445886935,0.995322245322245,2.29807993321507,2.19722080571137,2.76774100303512,3.02832087406555,3.84678597516435,NA,0,0,NA,3.6969111969112,3.09549980602612,3.48620641366755,1.34433134433134,3.10063519740939,3.45045045045045,2.73604000476247,2.25642536269239,2.11732186732187,3.07901385805069,2.94550648209185
"Female_Majority_Yes_FNR",NA,0.833333333333333,0.833333333333333,0.833333333333333,0.833333333333333,0,0,0.666666666666667,0,0.5,0,0,0,0,0,NA,0.833333333333333,0.833333333333333,NA,0.666666666666667,0,0,0.5,0,0.333333333333333,0,0,0,0,0
"Female_Majority_Yes_FNR_ratio",NA,0.885416666666667,0.874485596707819,0.843253968253968,0.91991341991342,0,0,0.96045197740113,0,0.625,0,0,0,0,0,NA,0.932017543859649,0.885416666666667,NA,0.776255707762557,0,0,0.685483870967742,0,0.472222222222222,0,0,0,0,0
"Female_Majority_No_proportion_favorable",NA,0.994565217391304,NA,NA,0.992753623188406,0.76268115942029,0.876811594202899,0.949275362318841,0.844202898550725,0.97463768115942,0.748188405797101,0.769927536231884,0.809782608695652,0.789855072463768,0.824275362318841,NA,0.994565217391304,0.998188405797101,NA,0.98731884057971,0.764492753623188,0.882246376811594,0.963768115942029,0.855072463768116,0.971014492753623,0.739130434782609,0.804347826086957,0.753623188405797,0.797101449275362,0.795289855072464
"Female_Majority_No_proportion_favorable_ratio",NA,1.00107218660423,NA,NA,0.999751886393158,1.04835898202102,1.00264333242184,1.0034623280326,0.987949559450819,1.00946419591861,1.06050801672162,1.02315951658722,1.04085168212809,1.01589076844215,1.00828790497717,NA,1.00309149509965,1.0021971945754,NA,1.00032304010102,1.01056543770415,1.00943521374324,1.01449275362319,0.993692578463819,1.0141143527453,1.00085366930617,1.0298947837221,1.01157474953798,1.01090862305055,1.01960237829803
"Female_Majority_No_FPR",NA,0.00559701492537313,NA,NA,0.00746268656716418,0.220149253731343,0.10634328358209,0.0447761194029851,0.138059701492537,0.0261194029850746,0.235074626865672,0.21455223880597,0.173507462686567,0.192164179104478,0.156716417910448,NA,0.00559701492537313,0.00186567164179104,NA,0.0130597014925373,0.220149253731343,0.102611940298507,0.0335820895522388,0.128731343283582,0.0279850746268657,0.244402985074627,0.17910447761194,0.23134328358209,0.184701492537313,0.186567164179104
"Female_Majority_No_FPR_ratio",NA,1.33978544776119,NA,NA,2.3818407960199,0.885684497679669,1.04972880443145,1.04568620313069,1.15451671772144,0.961897244546498,0.869050020169423,0.969027210644889,0.888413879798867,0.978708518577326,1.01389169019766,NA,1.33978544776119,1.19092039800995,NA,1.78638059701493,1.00857851888881,1.01814438171835,0.83519092847451,1.13603927367769,0.893190298507463,1.03090686435663,0.934564236040506,1.00686906377205,1.00199251617268,0.968227965861748
"Female_Majority_No_FNR",NA,1,NA,NA,1,0.1875,0.3125,0.75,0.25,1,0.1875,0.25,0.25,0.1875,0.1875,NA,1,1,NA,1,0.25,0.375,0.875,0.3125,0.9375,0.1875,0.25,0.25,0.1875,0.1875
"Female_Majority_No_FNR_ratio",NA,1.0625,NA,NA,1.1038961038961,0.99609375,0.948660714285714,1.08050847457627,0.923913043478261,1.25,1.13839285714286,1.51785714285714,1.41666666666667,0.99609375,0.99609375,NA,1.11842105263158,1.0625,NA,1.16438356164384,1.328125,1.22596153846154,1.19959677419355,1.15489130434783,1.328125,0.99609375,1.51785714285714,1.41666666666667,1.0625,1.13839285714286
"Male_Minority_Yes_FPR_stringent",NA,0.966666666666667,0.966666666666667,NA,NA,NA,0.866666666666667,0.9,0.966666666666667,NA,NA,0.933333333333333,0.966666666666667,0.966666666666667,0.966666666666667,NA,0.933333333333333,0.966666666666667,NA,NA,NA,0.866666666666667,0.966666666666667,NA,NA,NA,0.966666666666667,0.966666666666667,NA,NA
"Male_Minority_Yes_FNR_stringent",NA,0,0,NA,NA,NA,0,0,0,NA,NA,0,0,0,0,NA,0,0,NA,NA,NA,0,0,NA,NA,NA,0,0,NA,NA
"Male_Minority_No_FPR_stringent",0.943217665615142,0.864353312302839,0.867507886435331,NA,NA,0.899053627760252,0.785488958990536,0.782334384858044,0.82018927444795,NA,0.867507886435331,0.886435331230284,0.861198738170347,0.899053627760252,0.861198738170347,0.965299684542587,0.867507886435331,0.886435331230284,NA,NA,0.876971608832808,0.823343848580442,0.79179810725552,0.79179810725552,NA,0.949526813880126,0.867507886435331,0.867507886435331,0.899053627760252,0.889589905362776
"Male_Minority_No_FNR_stringent",0,0,0,NA,NA,0,0,0,0,NA,0,0,0,0,0,0,0,0,NA,NA,0,0,0,0,NA,0,0,0,0,0
"Male_Majority_Yes_FPR_stringent",NA,0.92,0.92,NA,NA,NA,0.92,0.9,0.88,NA,0.98,0.94,0.92,0.96,0.94,0.98,0.96,NA,NA,NA,0.94,0.9,0.8,0.88,NA,NA,0.94,0.96,0.96,0.96
"Male_Majority_Yes_FNR_stringent",NA,NA,NA,NA,NA,NA,NA,NA,NA,NA,NA,NA,NA,NA,NA,NA,NA,NA,NA,NA,NA,NA,NA,NA,NA,NA,NA,NA,NA,NA
"Male_Majority_No_FPR_stringent",0.682615629984051,0.781499202551834,0.835725677830941,NA,NA,0.51993620414673,0.650717703349282,0.719298245614035,0.674641148325359,NA,0.470494417862839,0.759170653907496,0.740031897926635,0.862838915470494,0.787878787878788,0.668261562998405,0.800637958532695,0.813397129186603,NA,NA,0.532695374800638,0.704944178628389,0.736842105263158,0.671451355661882,NA,0.48006379585327,0.754385964912281,0.834130781499203,0.878787878787879,0.875598086124402
"Male_Majority_No_FNR_stringent",0.444444444444444,0,0,NA,NA,0.555555555555556,0,0.111111111111111,0.222222222222222,NA,0.555555555555556,0,0,0,0,0.555555555555556,0,0,NA,NA,0.444444444444444,0,0,0.111111111111111,NA,0.444444444444444,0,0,0,0
"Female_Minority_Yes_FPR_stringent",NA,NA,NA,NA,NA,NA,NA,NA,NA,NA,NA,NA,NA,NA,NA,NA,NA,NA,NA,NA,NA,0.95,NA,NA,NA,NA,NA,NA,NA,NA
"Female_Minority_Yes_FNR_stringent",NA,NA,NA,NA,NA,NA,NA,NA,NA,NA,NA,NA,NA,NA,NA,NA,NA,NA,NA,NA,NA,0,NA,NA,NA,NA,NA,NA,NA,NA
"Female_Minority_No_FPR_stringent",NA,0.949664429530201,0.949664429530201,NA,NA,NA,0.842281879194631,0.89261744966443,0.959731543624161,NA,NA,0.963087248322148,0.946308724832215,0.976510067114094,0.959731543624161,NA,0.976510067114094,0.956375838926175,NA,NA,NA,0.832214765100671,0.895973154362416,0.953020134228188,NA,NA,0.942953020134228,0.919463087248322,0.973154362416107,0.973154362416107
"Female_Minority_No_FNR_stringent",NA,0,0,NA,NA,NA,0.0217391304347826,0.0434782608695652,0,NA,NA,0.0217391304347826,0,0,0,NA,0,0,NA,NA,NA,0,0,0,NA,NA,0,0,0,0
"Female_Majority_Yes_FPR_stringent",NA,NA,NA,NA,NA,NA,0.918918918918919,0.864864864864865,NA,NA,NA,0.972972972972973,0.972972972972973,NA,NA,NA,0.972972972972973,NA,NA,NA,NA,0.918918918918919,0.945945945945946,NA,NA,NA,0.972972972972973,0.972972972972973,NA,NA
"Female_Majority_Yes_FNR_stringent",NA,NA,NA,NA,NA,NA,0,0,NA,NA,NA,0,0,NA,NA,NA,0,NA,NA,NA,NA,0,0,NA,NA,NA,0,0,NA,NA
"Female_Majority_No_FPR_stringent",NA,0.947761194029851,0.936567164179104,NA,NA,0.996268656716418,0.871268656716418,0.819029850746269,0.923507462686567,NA,0.996268656716418,0.940298507462687,0.94589552238806,0.968283582089552,0.947761194029851,NA,0.94589552238806,0.957089552238806,NA,NA,0.998134328358209,0.858208955223881,0.832089552238806,0.930970149253731,NA,NA,0.947761194029851,0.906716417910448,0.968283582089552,0.947761194029851
"Female_Majority_No_FNR_stringent",NA,0,0,NA,NA,0,0,0,0.0625,NA,0,0,0,0,0,NA,0,0,NA,NA,0,0,0.0625,0.0625,NA,NA,0,0,0,0
"Male_Minority_Yes_FPR_lenient",0.166666666666667,0.133333333333333,0.133333333333333,0.2,0.2,0.0333333333333333,NA,NA,0.1,0.133333333333333,0,0.0333333333333333,0.0333333333333333,0.0333333333333333,0.0666666666666667,0.133333333333333,0.133333333333333,0.133333333333333,0.166666666666667,0.2,0,NA,NA,0.0666666666666667,0.133333333333333,0,0.0666666666666667,0.0333333333333333,0.0333333333333333,0.0333333333333333
"Male_Minority_Yes_FNR_lenient",0.666666666666667,0.333333333333333,0.333333333333333,0.333333333333333,0.333333333333333,0.666666666666667,NA,NA,1,1,0.666666666666667,1,0.666666666666667,1,1,0.333333333333333,0.333333333333333,0.333333333333333,0.333333333333333,0.333333333333333,0.666666666666667,NA,NA,1,1,0.666666666666667,1,1,1,1
"Male_Minority_No_FPR_lenient",0.0473186119873817,0.00630914826498423,0.00315457413249211,0.0725552050473186,0.0851735015772871,NA,NA,NA,NA,0.0126182965299685,NA,NA,NA,NA,NA,0.0126182965299685,0.0126182965299685,0.00315457413249211,0.100946372239748,0.100946372239748,NA,NA,NA,NA,0.00946372239747634,NA,NA,NA,NA,NA
"Male_Minority_No_FNR_lenient",1,1,1,0,0,NA,NA,NA,NA,0,NA,NA,NA,NA,NA,1,1,1,0,0,NA,NA,NA,NA,1,NA,NA,NA,NA,NA
"Male_Majority_Yes_FPR_lenient",0.06,0.04,NA,0.12,0.16,NA,NA,NA,NA,NA,NA,NA,NA,NA,NA,0.02,0.02,NA,0.12,0.16,NA,NA,NA,NA,0.02,NA,NA,NA,NA,NA
"Male_Majority_Yes_FNR_lenient",NA,NA,NA,NA,NA,NA,NA,NA,NA,NA,NA,NA,NA,NA,NA,NA,NA,NA,NA,NA,NA,NA,NA,NA,NA,NA,NA,NA,NA,NA
"Male_Majority_No_FPR_lenient",0.00318979266347687,0,NA,0.0749601275917065,0.0797448165869219,0.00159489633173844,NA,NA,NA,0.00637958532695375,0.00159489633173844,NA,NA,NA,NA,NA,NA,0,0.0717703349282297,0.0685805422647528,NA,NA,NA,NA,0.00478468899521531,NA,NA,NA,NA,NA
"Male_Majority_No_FNR_lenient",1,0.888888888888889,NA,0.777777777777778,0.888888888888889,1,NA,NA,NA,1,1,NA,NA,NA,NA,NA,NA,0.888888888888889,0.888888888888889,0.666666666666667,NA,NA,NA,NA,1,NA,NA,NA,NA,NA
"Female_Minority_Yes_FPR_lenient",0.35,0.7,0.6,0.8,0.75,0.2,0.15,0.05,0.3,0.3,0.25,0.15,0.1,0.15,0.1,0.45,0.55,0.7,0.7,0.75,0.25,0.1,NA,0.3,0.25,0.25,0.05,0.05,0.1,0.1
"Female_Minority_Yes_FNR_lenient",0,0,0,0,0,0.75,0.75,1,0.25,0.5,0.5,0.5,0.25,0.75,0.75,0,0,0,0,0,0.25,0.75,NA,0.25,0.5,0.25,0.5,0.5,0.75,0.5
"Female_Minority_No_FPR_lenient",0.24496644295302,0.261744966442953,0.281879194630872,0.302013422818792,0.338926174496644,0.0302013422818792,0.0100671140939597,0,0.124161073825503,0.110738255033557,0.0335570469798658,0.0704697986577181,0.0503355704697987,0.0469798657718121,0.0469798657718121,0.251677852348993,0.261744966442953,0.248322147651007,0.322147651006711,0.359060402684564,0.0369127516778524,0.0134228187919463,NA,0.124161073825503,0.11744966442953,0.0268456375838926,0.0503355704697987,0.0469798657718121,0.0402684563758389,0.0604026845637584
"Female_Minority_No_FNR_lenient",0.282608695652174,0.304347826086957,0.239130434782609,0.434782608695652,0.347826086956522,0.717391304347826,0.847826086956522,0.978260869565217,0.5,0.630434782608696,0.760869565217391,0.673913043478261,0.673913043478261,0.782608695652174,0.739130434782609,0.195652173913043,0.304347826086957,0.239130434782609,0.456521739130435,0.347826086956522,0.782608695652174,0.804347826086957,NA,0.478260869565217,0.608695652173913,0.760869565217391,0.717391304347826,0.739130434782609,0.804347826086957,0.739130434782609
"Female_Majority_Yes_FPR_lenient",0.162162162162162,0.27027027027027,0.297297297297297,0.351351351351351,0.351351351351351,0,0,0,0.108108108108108,0.135135135135135,0.027027027027027,0.027027027027027,0.027027027027027,0.0540540540540541,0,0.189189189189189,0.297297297297297,0.27027027027027,0.324324324324324,0.378378378378378,0.027027027027027,0,0,0.162162162162162,0.108108108108108,0.027027027027027,0.027027027027027,0.0540540540540541,0.027027027027027,0.0540540540540541
"Female_Majority_Yes_FNR_lenient",0,0,0,0,0,0.333333333333333,0.833333333333333,0.666666666666667,0.333333333333333,0.5,0.333333333333333,0.5,0.333333333333333,0.5,0.333333333333333,0,0,0,0,0,0,0.666666666666667,0.666666666666667,0.333333333333333,0.333333333333333,0.333333333333333,0.5,0.333333333333333,0.5,0.333333333333333
"Female_Majority_No_FPR_lenient",0.0914179104477612,0.0541044776119403,0.0522388059701493,0.119402985074627,0.128731343283582,0.00373134328358209,NA,NA,0.0354477611940298,0.0354477611940298,0.00932835820895522,0.00559701492537313,0.00373134328358209,0.00932835820895522,0.0149253731343284,0.0671641791044776,0.0503731343283582,0.0559701492537313,0.119402985074627,0.136194029850746,NA,NA,NA,0.0298507462686567,0.0354477611940298,NA,0.00746268656716418,0.00746268656716418,0.00559701492537313,0.00932835820895522
"Female_Majority_No_FNR_lenient",0.375,0.5625,0.5,0.6875,0.5,0.9375,NA,NA,0.875,0.875,0.9375,0.875,0.75,0.875,0.8125,0.4375,0.5625,0.4375,0.5625,0.5625,NA,NA,NA,0.875,0.875,NA,0.875,0.8125,0.875,0.875
"Male_Minority_Yes_FPR_train",NA,0,NA,NA,0,0.434782608695652,0.260869565217391,0.0434782608695652,0.282608695652174,0,0.6,0,0.2,0.2,0.2,NA,0.0108695652173913,NA,NA,0,0.434782608695652,0.260869565217391,0.0652173913043478,0.326086956521739,0.0108695652173913,0.6,0,0,0.2,0.2
"Male_Minority_Yes_FNR_train",NA,0.909090909090909,NA,NA,0.454545454545455,0.307692307692308,0,0,0,0,0.181818181818182,0.0909090909090909,0.0909090909090909,0,0.0909090909090909,NA,0.818181818181818,NA,NA,0,0.192307692307692,0,0,0,0,0.0909090909090909,0.0909090909090909,0,0,0
"Male_Minority_No_FPR_train",NA,0,NA,NA,0,0.281124497991968,0.0345381526104418,0.00240963855421687,0.0377510040160643,0,0.206896551724138,0.0344827586206897,0.0344827586206897,0.0172413793103448,0.0344827586206897,NA,NA,NA,NA,0,0.16706827309237,0.0224899598393574,0.00240963855421687,0.0248995983935743,0,0.224137931034483,0,0,0,0
"Male_Minority_No_FNR_train",NA,0.96,NA,NA,0.32,0.498299319727891,0.13265306122449,0,0.156462585034014,0,0.48,0.36,0.44,0.24,0.6,NA,NA,NA,NA,0,0.486394557823129,0.054421768707483,0,0.124149659863946,0,0.4,0.36,0.04,0.24,0.24
"Male_Majority_Yes_FPR_train",NA,NA,NA,NA,0,0.365979381443299,0.056701030927835,0,0.103092783505155,0,0.5,0,0,0,0.125,NA,NA,NA,NA,0,0.288659793814433,0.0618556701030928,0,0.077319587628866,0,0.5,0,0,0,0
"Male_Majority_Yes_FNR_train",NA,NA,NA,NA,0.5,0.506666666666667,0.173333333333333,0,0,0,0.5,0.333333333333333,0.333333333333333,0.166666666666667,0.5,NA,NA,NA,NA,0,0.506666666666667,0.173333333333333,0,0,0,0.5,0.333333333333333,0,0,0.166666666666667
"Male_Majority_No_FPR_train",0.000421762969211303,NA,NA,NA,0,0.0902572754112189,0.00885702235343737,0.000421762969211303,0.00379586672290173,0,0.0803571428571429,0.0267857142857143,0.0357142857142857,0.00892857142857143,0.00892857142857143,NA,NA,NA,NA,0,0.013918177983973,0.00463939266132434,0,0.00126528890763391,0,0.0267857142857143,0.0178571428571429,0.00892857142857143,0,0
"Male_Majority_No_FNR_train",1,NA,NA,NA,0,0.794195250659631,0.269129287598945,0,0.08311345646438,0,0.764705882352941,0.352941176470588,0.558823529411765,0.147058823529412,0.941176470588235,NA,NA,NA,NA,0,0.977572559366755,0.300791556728232,0,0.054089709762533,0,1,0.411764705882353,0.0588235294117647,0.176470588235294,0.176470588235294
"Female_Minority_Yes_FPR_train",0.0632911392405063,0.0379746835443038,0.0506329113924051,0,0,0.911392405063291,0.658227848101266,0.0506329113924051,0.683544303797468,0,1,0.5,NA,NA,1,0.113924050632911,0.0632911392405063,0.0632911392405063,0,0,0.974683544303797,0.670886075949367,0.0506329113924051,0.69620253164557,0,NA,0.5,0,NA,NA
"Female_Minority_Yes_FNR_train",0.793103448275862,0.379310344827586,0.482758620689655,0.655172413793103,0.172413793103448,0.08,0,0,0,0,0.0689655172413793,0,NA,NA,0.0689655172413793,0.620689655172414,0.517241379310345,0.517241379310345,0.793103448275862,0,0,0,0,0,0,NA,0,0,NA,NA
"Female_Minority_No_FPR_train",NA,0.00263388937664618,0.00351185250219491,0,0,0.4486391571554,0.280948200175593,0.0465320456540825,0.320456540825285,0,0.416666666666667,0.104166666666667,0.395833333333333,0.270833333333333,0.416666666666667,0,0.000877963125548727,0.00263388937664618,0,0,0.481123792800702,0.266022827041264,0.0359964881474978,0.318700614574188,0.000877963125548727,0.416666666666667,0.0833333333333333,0.0208333333333333,0.291666666666667,0.291666666666667
"Female_Minority_No_FNR_train",NA,0.695035460992908,0.893617021276596,0.957446808510638,0.361702127659574,0.108458390177353,0.0112551159618008,0,0,0,0.0780141843971631,0.0212765957446809,0.0425531914893617,0.0212765957446809,0.049645390070922,0.99290780141844,0.659574468085106,0.851063829787234,0.99290780141844,0,0.048431105047749,0.00648021828103683,0,0,0,0.0780141843971631,0.0212765957446809,0,0.0141843971631206,0.0141843971631206
"Female_Majority_Yes_FPR_train",0,0.0180722891566265,0,0,0,0.644578313253012,0.463855421686747,0.102409638554217,0.493975903614458,0,0.8,0.4,0.6,0.4,0.4,0.0120481927710843,0,0.00602409638554217,0,0,0.746987951807229,0.44578313253012,0.0783132530120482,0.481927710843373,0,0.8,0.4,0.2,0.4,0.4
"Female_Majority_Yes_FNR_train",0.933333333333333,0.533333333333333,0.766666666666667,0.766666666666667,0.233333333333333,0.120588235294118,0.0279411764705882,0,0,0,0.1,0.0666666666666667,0.0666666666666667,0,0.0666666666666667,0.833333333333333,0.533333333333333,0.733333333333333,0.9,0,0.061764705882353,0.0279411764705882,0,0,0,0.1,0.0333333333333333,0,0,0
"Female_Majority_No_FPR_train",0.000848536274925753,0.000424268137462877,0,NA,0,0.218922358930844,0.089520577004667,0.0123037759864234,0.115400933389902,0,0.222222222222222,0.0427350427350427,0.0769230769230769,0.0769230769230769,0.136752136752137,NA,0,0,NA,0,0.241408570216377,0.0793381417055579,0.0165464573610522,0.11794654221468,0.000424268137462877,0.247863247863248,0.0341880341880342,0.0170940170940171,0.0854700854700855,0.0854700854700855
"Female_Majority_No_FNR_train",1,0.888888888888889,0.987654320987654,NA,0.407407407407407,0.293742757821553,0.0776361529548088,0,0.0225955967555041,0,0.283950617283951,0.17283950617284,0.296296296296296,0.135802469135802,0.259259259259259,NA,0.876543209876543,0.975308641975309,NA,0,0.251448435689455,0.0898030127462341,0,0.0225955967555041,0,0.259259259259259,0.17283950617284,0.0246913580246914,0.123456790123457,0.111111111111111
