"","logistic_regression__Not_Tuned__Threshold_0.5__MissingData_simple_value_imputation__ScarceOutcome_no_method","xgboost__Not_Tuned__Threshold_0.5__MissingData_simple_value_imputation__ScarceOutcome_no_method","xgboost__Tuned__Threshold_0.5__MissingData_simple_value_imputation__ScarceOutcome_no_method","random_forest__Tuned__Threshold_0.5__MissingData_simple_value_imputation__ScarceOutcome_no_method","random_forest__Not_Tuned__Threshold_0.5__MissingData_simple_value_imputation__ScarceOutcome_no_method","random_forest__Not_Tuned__Threshold_0.5__MissingData_simple_value_imputation__ScarceOutcome_random_oversampling","random_forest__Tuned__Threshold_0.5__MissingData_simple_value_imputation__ScarceOutcome_random_oversampling","xgboost__Tuned__Threshold_0.5__MissingData_simple_value_imputation__ScarceOutcome_random_oversampling","xgboost__Not_Tuned__Threshold_0.5__MissingData_simple_value_imputation__ScarceOutcome_random_oversampling","logistic_regression__Not_Tuned__Threshold_0.5__MissingData_simple_value_imputation__ScarceOutcome_random_oversampling","logistic_regression__Not_Tuned__Threshold_0.5__MissingData_simple_value_imputation__ScarceOutcome_random_undersampling","xgboost__Not_Tuned__Threshold_0.5__MissingData_simple_value_imputation__ScarceOutcome_random_undersampling","xgboost__Tuned__Threshold_0.5__MissingData_simple_value_imputation__ScarceOutcome_random_undersampling","random_forest__Tuned__Threshold_0.5__MissingData_simple_value_imputation__ScarceOutcome_random_undersampling","random_forest__Not_Tuned__Threshold_0.5__MissingData_simple_value_imputation__ScarceOutcome_random_undersampling","xgboost__Not_Tuned__Threshold_0.5__MissingData_Miss_Forest_Imputation__ScarceOutcome_no_method","logistic_regression__Not_Tuned__Threshold_0.5__MissingData_Miss_Forest_Imputation__ScarceOutcome_no_method","xgboost__Tuned__Threshold_0.5__MissingData_Miss_Forest_Imputation__ScarceOutcome_no_method","random_forest__Tuned__Threshold_0.5__MissingData_Miss_Forest_Imputation__ScarceOutcome_no_method","random_forest__Not_Tuned__Threshold_0.5__MissingData_Miss_Forest_Imputation__ScarceOutcome_no_method","random_forest__Not_Tuned__Threshold_0.5__MissingData_Miss_Forest_Imputation__ScarceOutcome_random_oversampling","random_forest__Tuned__Threshold_0.5__MissingData_Miss_Forest_Imputation__ScarceOutcome_random_oversampling","xgboost__Tuned__Threshold_0.5__MissingData_Miss_Forest_Imputation__ScarceOutcome_random_oversampling","xgboost__Not_Tuned__Threshold_0.5__MissingData_Miss_Forest_Imputation__ScarceOutcome_random_oversampling","logistic_regression__Not_Tuned__Threshold_0.5__MissingData_Miss_Forest_Imputation__ScarceOutcome_random_oversampling","logistic_regression__Not_Tuned__Threshold_0.5__MissingData_Miss_Forest_Imputation__ScarceOutcome_random_undersampling","xgboost__Not_Tuned__Threshold_0.5__MissingData_Miss_Forest_Imputation__ScarceOutcome_random_undersampling","xgboost__Tuned__Threshold_0.5__MissingData_Miss_Forest_Imputation__ScarceOutcome_random_undersampling","random_forest__Tuned__Threshold_0.5__MissingData_Miss_Forest_Imputation__ScarceOutcome_random_undersampling","random_forest__Not_Tuned__Threshold_0.5__MissingData_Miss_Forest_Imputation__ScarceOutcome_random_undersampling"
"auc",0.770948745855825,0.84430246585798,0.8448987508144,0.826484843691744,0.829875508254467,0.827104352378047,0.808817861935552,0.815637478831886,0.84294168082059,0.767839276725179,0.767496569792327,0.841840750490523,0.845075753296203,0.834077748026297,0.833232278724929,0.843613913650407,0.781403190312817,0.843134375011769,0.829275457287795,0.830609252585052,0.83123189961323,0.81370677090983,0.821354282393023,0.844118559024054,0.778815941270322,0.779439843635252,0.845571611312594,0.843911428460241,0.8360957018525,0.835172401672611
"accuracy_test",0.8015,0.8275,0.831,0.8305,0.8325,0.8055,0.799,0.7995,0.805,0.7215,0.7235,0.8005,0.804,0.8025,0.805,0.827,0.816,0.8325,0.8365,0.837,0.8095,0.7985,0.798,0.8105,0.7555,0.755,0.8105,0.81,0.8065,0.807
"accuracy_train",0.791375,0.838,0.81525,0.84225,0.844625,0.853062985332183,1,0.940811044003451,0.819499568593615,0.703192407247627,0.705668934240363,0.806349206349206,0.787074829931973,0.831519274376417,0.828798185941043,0.843,0.8045,0.82875,0.84325,0.842125,0.839948231233822,1,0.945642795513374,0.823727351164797,0.729939603106126,0.721768707482993,0.810657596371882,0.786848072562358,0.823356009070295,0.824036281179138
"precision",0.76027397260274,0.737209302325581,0.759213759213759,0.745327102803738,0.747685185185185,0.63029315960912,0.643835616438356,0.629370629370629,0.630971993410214,0.494818652849741,0.497389033942559,0.618670886075949,0.6256,0.620689655172414,0.624413145539906,0.732265446224256,0.789137380191693,0.739910313901345,0.758139534883721,0.758700696055684,0.635048231511254,0.643700787401575,0.623931623931624,0.643097643097643,0.542492917847025,0.541258741258741,0.633647798742138,0.638297872340426,0.624615384615385,0.625192012288787
"recall",0.404371584699454,0.577413479052823,0.562841530054645,0.581056466302368,0.588342440801457,0.704918032786885,0.599271402550091,0.655737704918033,0.697632058287796,0.695810564663024,0.693989071038251,0.712204007285975,0.712204007285975,0.721311475409836,0.726775956284153,0.58287795992714,0.449908925318761,0.601092896174863,0.593806921675774,0.595628415300546,0.719489981785064,0.595628415300546,0.664845173041894,0.695810564663024,0.697632058287796,0.704918032786885,0.734061930783242,0.710382513661202,0.739526411657559,0.741347905282332
"f1_score",0.52794292508918,0.647599591419816,0.646443514644351,0.653019447287615,0.658511722731906,0.665520206362855,0.620754716981132,0.64228367528992,0.662629757785467,0.578349735049205,0.579467680608365,0.662150719729043,0.666098807495741,0.667228306655434,0.671717171717172,0.649087221095335,0.573085846867749,0.663316582914573,0.665985699693565,0.66734693877551,0.67463706233988,0.618732261116367,0.64373897707231,0.668416447944007,0.610358565737052,0.612341772151899,0.680168776371308,0.672413793103448,0.677231025854879,0.678333333333333
"AUC_male_majority_nondisabled",0.553211226463506,0.71529230647772,0.702216476532586,0.66560415268622,0.677229305648759,0.666482453716496,0.693048592744642,0.663482414242292,0.717147594047291,0.561402123712153,0.5591520941065,0.697716417321282,0.692801878972092,0.671929893814393,0.671702917143646,0.698111159357361,0.55735601784234,0.682627402992145,0.667025224016105,0.667508783010303,0.678216160738957,0.692703193463072,0.673725970078555,0.698209844866381,0.565645600600007,0.56684956381005,0.707584968223267,0.696591402518454,0.673094382820826,0.666926538507085
"AUC_male_majority_disabled",0.850094876660342,0.876660341555977,0.887096774193548,0.864326375711575,0.884250474383302,0.866223908918406,0.821631878557874,0.823529411764706,0.859582542694497,0.850094876660341,0.846299810246679,0.867172675521821,0.895635673624288,0.884250474383302,0.876660341555977,0.855787476280835,0.876660341555977,0.857685009487666,0.851992409867173,0.847248576850095,0.851992409867173,0.800759013282733,0.838709677419355,0.853889943074004,0.874762808349146,0.880455407969639,0.869070208728653,0.871916508538899,0.876660341555977,0.879506641366224
"AUC_male_minority_nondisabled",0.70814072932717,0.801553672316384,0.802163585002567,0.780752439650745,0.780238828967642,0.770833333333333,0.777799178222907,0.751797637390857,0.792918592706727,0.704866461222393,0.702555213148433,0.800462249614794,0.802452491011813,0.78434771443246,0.783127889060092,0.791313559322032,0.710516178736518,0.802131484334874,0.783031587057011,0.785952747817155,0.775841037493581,0.77442860811505,0.758025166923473,0.79285439137134,0.707819722650232,0.706535695942475,0.800237544940934,0.79384951206985,0.791666666666666,0.793239599383667
"AUC_male_minority_disabled",0.765625,0.8515625,0.8515625,0.84375,0.8515625,0.859375,0.8125,0.859375,0.8828125,0.7578125,0.734375,0.8359375,0.8671875,0.859375,0.8671875,0.8515625,0.8359375,0.84765625,0.8046875,0.7890625,0.859375,0.78125,0.8359375,0.8828125,0.828125,0.8046875,0.875,0.859375,0.875,0.87109375
"AUC_female_majority_nondisabled",0.772009029345373,0.844106326329803,0.846110435839555,0.820281298836603,0.8243329281704,0.830743184580656,0.793482664814493,0.810687619378365,0.844417433582218,0.770750130230944,0.775149042079067,0.842463969439138,0.849069572263703,0.839237136076866,0.83677721826706,0.842463969439139,0.772964056259769,0.847665972101638,0.82770446258031,0.830584013428258,0.833825316895295,0.801455692539214,0.820245123574695,0.844591074839381,0.77154598599294,0.771965619031083,0.844099091277421,0.848671644382705,0.837052150257567,0.836820628581351
"AUC_female_majority_disabled",0.751785714285714,0.849107142857143,0.830357142857143,0.807142857142857,0.808035714285714,0.769642857142857,0.74375,0.796428571428571,0.819642857142857,0.746428571428571,0.755357142857143,0.81875,0.867857142857143,0.766964285714286,0.774107142857143,0.857142857142857,0.792857142857143,0.849107142857143,0.846428571428572,0.840178571428572,0.788392857142857,0.767857142857143,0.766071428571429,0.826785714285714,0.7875,0.792857142857143,0.849107142857143,0.802678571428572,0.84375,0.841964285714286
"AUC_female_minority_nondisabled",0.814937082491844,0.847794003417742,0.853464346745379,0.847269690849775,0.847483299673762,0.839812800994253,0.813169954947958,0.82734581326705,0.853173061985398,0.810859095852105,0.812140748796023,0.843036352338047,0.856221842473202,0.839152555538295,0.836550411682462,0.858163740873078,0.844259748329968,0.861697995960852,0.851036973745534,0.852551654497437,0.849483455025633,0.815597327947803,0.832627776914712,0.858804567345037,0.837890321578375,0.840065247786236,0.847230852881779,0.851114649681529,0.845114183625914,0.852920615193414
"AUC_female_minority_disabled",0.597222222222222,0.559027777777778,0.642361111111111,0.604166666666667,0.586805555555555,0.611111111111111,0.534722222222222,0.541666666666667,0.618055555555556,0.597222222222222,0.597222222222222,0.666666666666667,0.444444444444444,0.652777777777778,0.652777777777778,0.645833333333333,0.631944444444444,0.642361111111111,0.652777777777778,0.659722222222222,0.628472222222222,0.583333333333333,0.555555555555556,0.652777777777778,0.631944444444444,0.631944444444444,0.604166666666667,0.645833333333333,0.638888888888889,0.649305555555556
"proportion_favorable_benchmark_test",0.854,0.785,0.7965,0.786,0.784,0.693,0.7445,0.714,0.6965,0.614,0.617,0.684,0.6875,0.681,0.6805,0.7815,0.8435,0.777,0.785,0.7845,0.689,0.746,0.7075,0.703,0.647,0.6425,0.682,0.6945,0.675,0.6745
"FPR_benchmark_test",0.0482425913163336,0.0778773259820813,0.067539627842867,0.0751206064782908,0.0751206064782908,0.15644383184011,0.125430737422467,0.146106133700896,0.154376292212267,0.268780151619573,0.265334252239835,0.166092350103377,0.161268090971744,0.166781529979325,0.165403170227429,0.0806340454858718,0.0454858718125431,0.0799448656099242,0.0716747070985527,0.0716747070985527,0.15644383184011,0.12474155754652,0.151619572708477,0.146106133700896,0.222605099931082,0.22605099931082,0.160578911095796,0.152308752584425,0.16815988973122,0.16815988973122
"FNR_benchmark_test",0.595628415300546,0.422586520947177,0.437158469945355,0.418943533697632,0.411657559198543,0.295081967213115,0.400728597449909,0.344262295081967,0.302367941712204,0.304189435336976,0.306010928961749,0.287795992714026,0.287795992714026,0.278688524590164,0.273224043715847,0.41712204007286,0.550091074681239,0.398907103825137,0.406193078324226,0.404371584699454,0.280510018214936,0.404371584699454,0.335154826958106,0.304189435336976,0.302367941712204,0.295081967213115,0.265938069216758,0.289617486338798,0.260473588342441,0.258652094717668
"FPR_train",0.0584987057808456,0.0783433994823123,0.086281276962899,0.0781708369283865,0.0797238999137187,0.156686798964625,0,0.0733390854184642,0.143917169974116,0.285591026747196,0.279365079365079,0.14875283446712,0.173242630385488,0.150113378684807,0.154195011337868,0.0793787748058671,0.0552200172562554,0.0918032786885246,0.0788610871440897,0.0786885245901639,0.16755823986195,0,0.0678170836928386,0.143572044866264,0.24969801553063,0.261224489795918,0.151020408163265,0.166439909297052,0.164625850340136,0.164625850340136
"FNR_train",0.603174603174603,0.381859410430839,0.443537414965986,0.366893424036281,0.354195011337868,0.13718723037101,0,0.0450388265746333,0.217083692838654,0.30802415875755,0.309297052154195,0.238548752834467,0.252607709750567,0.186848072562358,0.188208616780045,0.360997732426304,0.564172335600907,0.380045351473923,0.361451247165533,0.365986394557823,0.152545297670406,0,0.0408973252804141,0.208973252804142,0.290422778257118,0.295238095238095,0.22766439909297,0.259863945578231,0.188662131519274,0.187301587301587
"FPR_lenient",0.0282563749138525,0.0275671950379049,0.0248104755341144,0.0282563749138525,0.0282563749138525,0.00344589937973811,0.0151619572708477,0.0124052377670572,0.0130944176430048,0.0186078566505858,0.0213645761543763,0.0165403170227429,0.0158511371467953,0.011026878015162,0.0137835975189524,0.025499655410062,0.0261888352860096,0.0261888352860096,0.0275671950379049,0.0268780151619573,0.0130944176430048,0.000689179875947622,0.00964851826326671,0.0137835975189524,0.0158511371467953,0.0158511371467953,0.0165403170227429,0.0179186767746382,0.00895933838731909,0.0124052377670572
"FNR_lenient",0.701275045537341,0.693989071038251,0.701275045537341,0.704918032786885,0.692167577413479,0.95264116575592,0.848816029143898,0.883424408014572,0.836065573770492,0.821493624772313,0.816029143897996,0.83424408014572,0.806921675774135,0.87431693989071,0.859744990892532,0.683060109289617,0.681238615664845,0.692167577413479,0.690346083788707,0.68488160291439,0.843351548269581,0.985428051001822,0.885245901639344,0.82695810564663,0.797814207650273,0.799635701275046,0.832422586520947,0.808743169398907,0.879781420765027,0.852459016393443
"FPR_stringent",0.875947622329428,0.881461061337009,0.868366643694004,0.948311509303928,0.962784286698828,0.880771881461061,0.895933838731909,0.832529290144728,0.820813232253618,0.862164024810475,0.844245348035837,0.81736733287388,0.813232253618194,0.921433494141971,0.924879393521709,0.88697450034459,0.879393521709166,0.911095796002757,0.94486560992419,0.9565816678153,0.887663680220538,0.895933838731909,0.833218470020675,0.830461750516885,0.850447966919366,0.851137146795314,0.825637491385252,0.82908339076499,0.924190213645762,0.933838731909028
"FNR_stringent",0.0510018214936248,0.0109289617486339,0.0218579234972678,0.00728597449908925,0.00364298724954463,0.034608378870674,0.0218579234972678,0.0418943533697632,0.0255009107468124,0.0546448087431694,0.0564663023679417,0.0255009107468124,0.029143897996357,0.0127504553734062,0.0145719489981785,0.0218579234972678,0.0528233151183971,0.0127504553734062,0.0163934426229508,0.00728597449908925,0.0236794171220401,0.0255009107468124,0.029143897996357,0.029143897996357,0.0528233151183971,0.0601092896174863,0.0273224043715847,0.0163934426229508,0.0145719489981785,0.0182149362477231
"Male_proportion_favorable",0.952333664349553,0.932472691161867,0.9493545183714,0.938430983118173,0.938430983118173,0.859980139026812,0.871896722939424,0.867924528301887,0.862959285004965,0.71896722939424,0.721946375372393,0.84111221449851,0.853028798411122,0.836146971201589,0.835153922542205,0.925521350546177,0.962264150943396,0.92850049652433,0.934458788480636,0.933465739821251,0.86395233366435,0.869910625620655,0.857994041708044,0.865938430983118,0.77656405163853,0.779543197616683,0.845084409136048,0.864945382323734,0.842105263157895,0.84111221449851
"Male_FPR",0.01338199513382,0.0255474452554745,0.0121654501216545,0.0194647201946472,0.0194647201946472,0.0815085158150852,0.0778588807785888,0.0815085158150852,0.0802919708029197,0.238442822384428,0.236009732360097,0.0985401459854015,0.083941605839416,0.100973236009732,0.0985401459854015,0.0291970802919708,0.00851581508515815,0.0279805352798054,0.0182481751824818,0.0182481751824818,0.0742092457420925,0.0790754257907543,0.0888077858880779,0.0778588807785888,0.175182481751825,0.171532846715328,0.0875912408759124,0.0754257907542579,0.0900243309002433,0.0912408759124088
"Male_FNR",0.8,0.745945945945946,0.778378378378378,0.751351351351351,0.751351351351351,0.6,0.648648648648649,0.643243243243243,0.610810810810811,0.52972972972973,0.535135135135135,0.572972972972973,0.572972972972973,0.556756756756757,0.540540540540541,0.724324324324324,0.832432432432432,0.735135135135135,0.724324324324324,0.718918918918919,0.589189189189189,0.643243243243243,0.621621621621622,0.616216216216216,0.562162162162162,0.562162162162162,0.545945945945946,0.6,0.540540540540541,0.540540540540541
"Female_proportion_favorable",0.754279959718026,0.635448136958711,0.641490433031219,0.631419939577039,0.627391742195368,0.523665659617321,0.615307150050352,0.557905337361531,0.527693856998993,0.507552870090634,0.510574018126888,0.524672708962739,0.51963746223565,0.523665659617321,0.523665659617321,0.635448136958711,0.72306143001007,0.623363544813696,0.633434038267875,0.633434038267875,0.511581067472306,0.620342396777442,0.554884189325277,0.537764350453172,0.515609264853978,0.503524672708963,0.516616314199396,0.521651560926485,0.505538771399799,0.505538771399799
"Female_FPR",0.0937996820349762,0.146263910969793,0.139904610492846,0.14785373608903,0.14785373608903,0.254372019077901,0.187599364069952,0.230524642289348,0.251192368839428,0.308426073131955,0.303656597774245,0.254372019077901,0.262321144674086,0.252782193958665,0.252782193958665,0.14785373608903,0.0937996820349762,0.14785373608903,0.141494435612083,0.141494435612083,0.263910969793323,0.184419713831479,0.233704292527822,0.235294117647059,0.284578696343402,0.297297297297297,0.255961844197138,0.252782193958665,0.27027027027027,0.268680445151033
"Female_FNR",0.491758241758242,0.258241758241758,0.263736263736264,0.25,0.239010989010989,0.14010989010989,0.274725274725275,0.192307692307692,0.145604395604396,0.18956043956044,0.18956043956044,0.142857142857143,0.142857142857143,0.137362637362637,0.137362637362637,0.260989010989011,0.406593406593407,0.228021978021978,0.244505494505494,0.244505494505494,0.123626373626374,0.282967032967033,0.18956043956044,0.145604395604396,0.17032967032967,0.159340659340659,0.123626373626374,0.131868131868132,0.118131868131868,0.115384615384615
"Disabled_proportion_favourable",0.579310344827586,0.468965517241379,0.462068965517241,0.468965517241379,0.468965517241379,0.344827586206897,0.43448275862069,0.386206896551724,0.358620689655172,0.324137931034483,0.344827586206897,0.358620689655172,0.344827586206897,0.337931034482759,0.344827586206897,0.468965517241379,0.517241379310345,0.441379310344828,0.468965517241379,0.468965517241379,0.337931034482759,0.468965517241379,0.393103448275862,0.358620689655172,0.296551724137931,0.296551724137931,0.351724137931034,0.344827586206897,0.337931034482759,0.337931034482759
"Disabled_FPR",0.144736842105263,0.25,0.25,0.25,0.25,0.381578947368421,0.368421052631579,0.394736842105263,0.394736842105263,0.513157894736842,0.486842105263158,0.407894736842105,0.407894736842105,0.407894736842105,0.394736842105263,0.263157894736842,0.171052631578947,0.289473684210526,0.25,0.25,0.394736842105263,0.31578947368421,0.407894736842105,0.394736842105263,0.5,0.5,0.394736842105263,0.407894736842105,0.407894736842105,0.407894736842105
"Disabled_FNR",0.27536231884058,0.159420289855072,0.144927536231884,0.159420289855072,0.159420289855072,0.0434782608695652,0.217391304347826,0.144927536231884,0.0869565217391304,0.144927536231884,0.159420289855072,0.101449275362319,0.072463768115942,0.0579710144927536,0.0579710144927536,0.173913043478261,0.173913043478261,0.144927536231884,0.159420289855072,0.159420289855072,0.0434782608695652,0.231884057971014,0.173913043478261,0.0869565217391304,0.072463768115942,0.072463768115942,0.072463768115942,0.072463768115942,0.0579710144927536,0.0579710144927536
"Abled_proportion_favorable",0.875471698113208,0.809703504043127,0.822641509433962,0.81078167115903,0.808625336927224,0.720215633423181,0.768733153638814,0.739622641509434,0.722911051212938,0.636657681940701,0.638274932614555,0.709433962264151,0.714285714285714,0.707816711590296,0.706738544474394,0.805929919137466,0.86900269541779,0.803234501347709,0.809703504043127,0.809164420485175,0.71644204851752,0.767654986522911,0.732075471698113,0.729919137466307,0.674393530997305,0.669541778975741,0.707816711590296,0.721832884097035,0.701347708894879,0.700808625336927
"Abled_FPR",0.0429090909090909,0.0683636363636364,0.0574545454545455,0.0654545454545455,0.0654545454545455,0.144,0.112,0.132363636363636,0.141090909090909,0.255272727272727,0.253090909090909,0.152727272727273,0.147636363636364,0.153454545454545,0.152727272727273,0.0705454545454546,0.0385454545454545,0.0683636363636364,0.0618181818181818,0.0618181818181818,0.143272727272727,0.114181818181818,0.137454545454545,0.132363636363636,0.207272727272727,0.210909090909091,0.147636363636364,0.138181818181818,0.154909090909091,0.154909090909091
"Abled_FNR",0.641666666666667,0.460416666666667,0.479166666666667,0.45625,0.447916666666667,0.33125,0.427083333333333,0.372916666666667,0.333333333333333,0.327083333333333,0.327083333333333,0.314583333333333,0.31875,0.310416666666667,0.304166666666667,0.452083333333333,0.604166666666667,0.435416666666667,0.441666666666667,0.439583333333333,0.314583333333333,0.429166666666667,0.358333333333333,0.335416666666667,0.335416666666667,0.327083333333333,0.29375,0.320833333333333,0.289583333333333,0.2875
"Minority_proportion_favorable",0.74702380952381,0.639880952380952,0.657738095238095,0.632440476190476,0.626488095238095,0.505952380952381,0.59375,0.552083333333333,0.510416666666667,0.446428571428571,0.455357142857143,0.504464285714286,0.482142857142857,0.495535714285714,0.5,0.630952380952381,0.733630952380952,0.629464285714286,0.635416666666667,0.635416666666667,0.505952380952381,0.599702380952381,0.553571428571429,0.526785714285714,0.441964285714286,0.438988095238095,0.504464285714286,0.49702380952381,0.49702380952381,0.495535714285714
"Minority_FPR",0.0980861244019139,0.145933014354067,0.129186602870813,0.148325358851675,0.150717703349282,0.270334928229665,0.222488038277512,0.248803827751196,0.267942583732057,0.382775119617225,0.366028708133971,0.279904306220096,0.291866028708134,0.277511961722488,0.270334928229665,0.15311004784689,0.0885167464114833,0.148325358851675,0.136363636363636,0.136363636363636,0.270334928229665,0.210526315789474,0.246411483253589,0.255980861244019,0.373205741626794,0.375598086124402,0.270334928229665,0.279904306220096,0.27511961722488,0.27511961722488
"Minority_FNR",0.492125984251969,0.28740157480315,0.307086614173228,0.271653543307087,0.259842519685039,0.137795275590551,0.291338582677165,0.224409448818898,0.145669291338583,0.165354330708661,0.161417322834646,0.149606299212598,0.110236220472441,0.122047244094488,0.122047244094488,0.275590551181102,0.440944881889764,0.263779527559055,0.259842519685039,0.259842519685039,0.137795275590551,0.28740157480315,0.224409448818898,0.169291338582677,0.137795275590551,0.133858267716535,0.133858267716535,0.12992125984252,0.122047244094488,0.118110236220472
"Majority_proportion_favorable",0.908132530120482,0.858433734939759,0.86671686746988,0.863704819277108,0.863704819277108,0.787650602409639,0.82078313253012,0.795933734939759,0.79066265060241,0.698795180722892,0.698795180722892,0.774849397590361,0.791415662650602,0.774849397590361,0.77183734939759,0.857680722891566,0.899096385542169,0.851656626506024,0.860692771084337,0.859939759036145,0.781626506024096,0.820030120481928,0.78539156626506,0.792168674698795,0.750753012048193,0.745481927710843,0.77183734939759,0.794427710843373,0.765060240963855,0.765060240963855
"Majority_FPR",0.0280735721200387,0.0503388189738625,0.042594385285576,0.0454985479186834,0.0445304937076476,0.110358180058083,0.0861568247821878,0.104549854791868,0.108422071636012,0.222652468538238,0.22458857696031,0.120038722168441,0.108422071636012,0.121974830590513,0.122942884801549,0.0513068731848984,0.0280735721200387,0.0522749273959342,0.0454985479186834,0.0454985479186834,0.110358180058083,0.0900290416263311,0.113262342691191,0.101645692158761,0.161665053242982,0.165537270087125,0.116166505324298,0.100677637947725,0.124878993223621,0.124878993223621
"Majority_FNR",0.684745762711864,0.538983050847458,0.549152542372881,0.545762711864407,0.542372881355932,0.430508474576271,0.494915254237288,0.447457627118644,0.43728813559322,0.423728813559322,0.430508474576271,0.406779661016949,0.440677966101695,0.413559322033898,0.403389830508475,0.538983050847458,0.64406779661017,0.515254237288136,0.532203389830509,0.528813559322034,0.403389830508475,0.505084745762712,0.430508474576271,0.420338983050847,0.44406779661017,0.433898305084746,0.379661016949153,0.427118644067797,0.379661016949153,0.379661016949153
"Male_Minority_Yes_proportion_favorable",0.708333333333333,0.708333333333333,0.708333333333333,0.708333333333333,0.708333333333333,0.458333333333333,0.5,0.458333333333333,0.416666666666667,0.541666666666667,0.583333333333333,0.5,0.458333333333333,0.5,0.5,0.708333333333333,0.708333333333333,0.666666666666667,0.708333333333333,0.708333333333333,0.458333333333333,0.541666666666667,0.5,0.458333333333333,0.5,0.5,0.458333333333333,0.458333333333333,0.5,0.5
"Male_Minority_Yes_proportion_favorable_ratio",0.829430132708821,0.902335456475584,0.889307386482528,0.901187446988974,0.903486394557823,0.661375661375661,0.671591672263264,0.641923436041083,0.598229241445322,0.882193268186753,0.945434900054025,0.730994152046784,0.666666666666667,0.734214390602056,0.734753857457752,0.9063766261463,0.839754989132583,0.858000858000858,0.902335456475584,0.902910558742299,0.665215287856797,0.72609472743521,0.706713780918728,0.651967757230915,0.772797527047913,0.778210116731518,0.672043010752688,0.659947204223662,0.740740740740741,0.741289844329133
"Male_Minority_Yes_FPR",0.125,0.125,0.125,0.125,0.125,0.3125,0.3125,0.375,0.375,0.375,0.3125,0.375,0.375,0.3125,0.3125,0.125,0.125,0.1875,0.125,0.125,0.3125,0.3125,0.375,0.375,0.375,0.375,0.375,0.375,0.3125,0.3125
"Male_Minority_Yes_FPR_ratio",2.59107142857143,1.60508849557522,1.85076530612245,1.66399082568807,1.66399082568807,1.99752202643172,2.49141483516483,2.56662735849057,2.42912946428571,1.39519230769231,1.17775974025974,2.25778008298755,2.32532051282051,1.87370867768595,1.88932291666667,1.55021367521368,2.74810606060606,2.34536637931035,1.74399038461538,1.74399038461538,1.99752202643172,2.50517955801105,2.47329545454545,2.56662735849057,1.68459752321981,1.65891768292683,2.33530042918455,2.46210407239819,1.85835040983607,1.85835040983607
"Male_Minority_Yes_FNR",0.375,0.375,0.375,0.375,0.375,0,0.125,0.125,0,0.375,0.375,0.25,0.125,0.125,0.125,0.375,0.375,0.375,0.375,0.375,0,0.25,0.25,0.125,0.25,0.25,0.125,0.125,0.125,0.125
"Male_Minority_Yes_FNR_ratio",0.629587155963303,0.88739224137931,0.8578125,0.895108695652174,0.910951327433628,0,0.311931818181818,0.363095238095238,0,1.23278443113772,1.22544642857143,0.868670886075949,0.434335443037975,0.448529411764706,0.4575,0.899017467248908,0.681705298013245,0.940068493150685,0.923206278026906,0.927364864864865,0,0.618243243243243,0.745923913043478,0.410928143712575,0.826807228915663,0.847222222222222,0.470034246575342,0.431603773584906,0.479895104895105,0.483274647887324
"Male_Minority_No_proportion_favorable",0.910596026490066,0.887417218543046,0.913907284768212,0.894039735099338,0.894039735099338,0.778145695364238,0.827814569536424,0.821192052980132,0.774834437086093,0.645695364238411,0.649006622516556,0.768211920529801,0.741721854304636,0.748344370860927,0.754966887417219,0.867549668874172,0.937086092715232,0.877483443708609,0.887417218543046,0.887417218543046,0.78476821192053,0.827814569536424,0.817880794701987,0.804635761589404,0.678807947019868,0.682119205298013,0.771523178807947,0.751655629139073,0.76158940397351,0.758278145695364
"Male_Minority_No_proportion_favorable_ratio",1.06627169378228,1.13046779432235,1.1474039984535,1.13745513371417,1.14035680497364,1.12286536127596,1.11190674215772,1.15012892574248,1.11246868210494,1.05162111439481,1.05187459078858,1.12311684287983,1.07886815171583,1.09889041242427,1.10942966556535,1.11010834148966,1.11094972461794,1.1293223213753,1.13046779432235,1.13118829642198,1.13899595344054,1.10967100474051,1.15601525752931,1.14457434080996,1.04916220559485,1.06166413275955,1.13126565807617,1.08229752215849,1.12828059847927,1.1242077771614
"Male_Minority_No_FPR",0.038135593220339,0.0508474576271186,0.0296610169491525,0.0423728813559322,0.0423728813559322,0.127118644067797,0.110169491525424,0.122881355932203,0.135593220338983,0.283898305084746,0.279661016949153,0.139830508474576,0.152542372881356,0.148305084745763,0.139830508474576,0.0720338983050847,0.0211864406779661,0.0593220338983051,0.038135593220339,0.038135593220339,0.122881355932203,0.101694915254237,0.122881355932203,0.122881355932203,0.245762711864407,0.241525423728814,0.135593220338983,0.152542372881356,0.13135593220339,0.13135593220339
"Male_Minority_No_FPR_ratio",0.790496368038741,0.652917354132293,0.439164648910412,0.564064686673923,0.564064686673923,0.812551332785784,0.878329297820823,0.841041733290694,0.878329297820823,1.05624728378966,1.05399515738499,0.841884098741121,0.945893089960887,0.889217677545875,0.845391949152542,0.893343473851948,0.465780688238315,0.742036820572765,0.532064863102999,0.532064863102999,0.785466288359591,0.81524487311546,0.810458397534669,0.841041733290694,1.10403001521751,1.06845545680033,0.84440241507238,1.00153385995859,0.781137121422617,0.781137121422617
"Male_Minority_No_FNR",0.727272727272727,0.666666666666667,0.712121212121212,0.666666666666667,0.666666666666667,0.439393939393939,0.606060606060606,0.621212121212121,0.454545454545455,0.393939393939394,0.393939393939394,0.439393939393939,0.363636363636364,0.378787878787879,0.378787878787879,0.651515151515151,0.787878787878788,0.651515151515151,0.621212121212121,0.621212121212121,0.454545454545455,0.575757575757576,0.606060606060606,0.545454545454545,0.409090909090909,0.409090909090909,0.439393939393939,0.409090909090909,0.378787878787879,0.363636363636364
"Male_Minority_No_FNR_ratio",1.2210175145955,1.57758620689655,1.62897727272727,1.59130434782609,1.61946902654867,1.48905723905724,1.51239669421488,1.8044733044733,1.50328587075575,1.29504627109418,1.28733766233766,1.52675489067894,1.26352128883774,1.35918003565062,1.38636363636364,1.56192933703851,1.43226971703793,1.6332503113325,1.52935181410518,1.53624078624079,1.62042502951594,1.42383292383292,1.80830039525692,1.79314099074578,1.35295728368018,1.38636363636364,1.65224159402242,1.41252144082333,1.45422759059123,1.40588988476312
"Male_Majority_Yes_proportion_favorable",0.770833333333333,0.729166666666667,0.75,0.75,0.75,0.583333333333333,0.625,0.583333333333333,0.583333333333333,0.479166666666667,0.479166666666667,0.5625,0.583333333333333,0.541666666666667,0.5625,0.729166666666667,0.75,0.708333333333333,0.75,0.75,0.583333333333333,0.6875,0.583333333333333,0.604166666666667,0.5625,0.5625,0.5625,0.5625,0.541666666666667,0.541666666666667
"Male_Majority_Yes_proportion_favorable_ratio",0.902615144418423,0.928874734607219,0.941619585687382,0.954198473282443,0.956632653061224,0.841750841750842,0.83948959032908,0.816993464052288,0.837520938023451,0.780401737242128,0.776607239330092,0.822368421052632,0.848484848484849,0.795398923152227,0.826598089639971,0.933034762209426,0.889152341434499,0.911625911625912,0.955414012738854,0.956022944550669,0.846637639090469,0.921581769436997,0.824499411071849,0.85941204362257,0.869397217928903,0.875486381322957,0.824780058651026,0.809935205183585,0.802469135802469,0.803063998023227
"Male_Majority_Yes_FPR",0,0.032258064516129,0,0,0,0.193548387096774,0.193548387096774,0.258064516129032,0.225806451612903,0.354838709677419,0.354838709677419,0.225806451612903,0.193548387096774,0.258064516129032,0.225806451612903,0.0645161290322581,0,0.0645161290322581,0,0,0.193548387096774,0.129032258064516,0.225806451612903,0.193548387096774,0.225806451612903,0.225806451612903,0.225806451612903,0.225806451612903,0.258064516129032,0.258064516129032
"Male_Majority_Yes_FPR_ratio",0,0.414216385954896,0,0,0,1.23717493249964,1.54306983339241,1.76628119293974,1.46270161290323,1.32018196856907,1.33732718894009,1.35952349083121,1.20016542597188,1.54732071447614,1.36518817204301,0.800110283981252,0,0.807007786429366,0,0,1.23717493249964,1.03439672072714,1.48929618768328,1.32471089470481,1.0143813043044,0.998918174665618,1.40620240897134,1.48255729090644,1.53463775780011,1.53463775780011
"Male_Majority_Yes_FNR",0.352941176470588,0.294117647058824,0.294117647058824,0.294117647058824,0.294117647058824,0.176470588235294,0.294117647058824,0.294117647058824,0.235294117647059,0.176470588235294,0.176470588235294,0.176470588235294,0.176470588235294,0.176470588235294,0.176470588235294,0.352941176470588,0.294117647058824,0.294117647058824,0.294117647058824,0.294117647058824,0.176470588235294,0.352941176470588,0.235294117647059,0.235294117647059,0.176470588235294,0.176470588235294,0.176470588235294,0.176470588235294,0.176470588235294,0.176470588235294
"Male_Majority_Yes_FNR_ratio",0.592552617377226,0.695993914807302,0.672794117647059,0.702046035805627,0.714471629359709,0.598039215686275,0.733957219251337,0.854341736694678,0.778171509567683,0.580133849947164,0.576680672268908,0.613179448994788,0.613179448994788,0.633217993079585,0.645882352941176,0.846134086822502,0.534670821971173,0.737308622078969,0.72408335531522,0.727344992050874,0.629106187929717,0.872813990461049,0.702046035805627,0.773511799929553,0.583628632175762,0.598039215686275,0.663577759871072,0.609322974472808,0.677498971616619,0.682270091135046
"Male_Majority_No_proportion_favorable",0.995260663507109,0.977883096366509,0.990521327014218,0.9826224328594,0.9826224328594,0.93522906793049,0.925750394944708,0.927330173775671,0.943127962085308,0.778830963665087,0.780410742496051,0.909952606635071,0.941548183254344,0.913112164296998,0.906793048973144,0.976303317535545,NA,0.979462875197472,0.979462875197472,0.977883096366509,0.938388625592417,0.916271721958926,0.911532385466035,0.930489731437599,0.849921011058452,0.853080568720379,0.916271721958926,0.957345971563981,0.916271721958926,0.916271721958926
"Male_Majority_No_proportion_favorable_ratio",1.16541061300598,1.24571095078536,1.24359237541019,1.25015576699669,1.25334493987168,1.34953689456059,1.24345251167859,1.29878175598834,1.354096140826,1.26845433821675,1.26484723257058,1.33034006817993,1.36952463018814,1.34084018252129,1.33253938129779,1.24926848053173,NA,1.26056998094913,1.24772340789487,1.24650490295285,1.36195736660728,1.22824627608435,1.28838499712514,1.32359847999658,1.31363371106407,1.32775185793055,1.34350692369344,1.3784679216184,1.3574395880873,1.35844584426824
"Male_Majority_No_FPR",0,0.0111317254174397,0.00185528756957328,0.00742115027829314,0.00742115027829314,0.0482374768089054,0.0500927643784787,0.0445269016697588,0.038961038961039,0.207792207792208,0.207792207792208,0.0649350649350649,0.038961038961039,0.0649350649350649,0.0667903525046382,0.00556586270871985,0,0.00742115027829314,0.00742115027829314,0.00742115027829314,0.038961038961039,0.0593692022263451,0.0575139146567718,0.0426716141001855,0.13543599257885,0.131725417439703,0.0500927643784787,0.0241187384044527,0.0556586270871985,0.0575139146567718
"Male_Majority_No_FPR_ratio",0,0.142939235227478,0.0274696149331718,0.0987898078330582,0.0987898078330582,0.308337351760889,0.399365940182267,0.304757237371793,0.252377087198516,0.773093573093573,0.783133749367516,0.390957590127715,0.241591741591742,0.389342062895782,0.403803339517625,0.0690262118833547,0,0.0928283539120978,0.103539317825032,0.103539317825032,0.249041707191487,0.475937637737164,0.37933040984989,0.292059019147968,0.608413700408393,0.582724331417711,0.311951077738938,0.158354250791226,0.330986343866906,0.342019221995803
"Male_Majority_No_FNR",0.968085106382979,0.914893617021277,0.946808510638298,0.925531914893617,0.925531914893617,0.840425531914894,0.787234042553192,0.765957446808511,0.840425531914894,0.702127659574468,0.712765957446808,0.765957446808511,0.829787234042553,0.787234042553192,0.75531914893617,0.872340425531915,1,0.904255319148936,0.904255319148936,0.893617021276596,0.808510638297872,0.776595744680851,0.734042553191489,0.776595744680851,0.765957446808511,0.765957446808511,0.723404255319149,0.851063829787234,0.75531914893617,0.765957446808511
"Male_Majority_No_FNR_ratio",1.62531719695491,2.16498532648569,2.16582446808511,2.20920444033302,2.24830540387874,2.84810874704492,1.96450676982592,2.22492401215805,2.7794796206101,2.30819212638553,2.32921732522796,2.66145973606248,2.88324804740102,2.82478097622028,2.76446808510638,2.09133141317477,1.81788079470199,2.26683182745555,2.22617116687339,2.20989074180564,2.88228792484112,1.92050028752156,2.19015957446809,2.55300038221429,2.53319661625224,2.59574468085106,2.72019819294666,2.93857888398234,2.89979169766404,2.96134252322445
"Female_Minority_Yes_proportion_favorable",0.28,0.16,0.16,0.16,0.16,0.08,0.28,0.2,0.12,0.12,0.12,0.12,0.08,0.08,0.08,0.12,0.12,0.12,0.16,0.16,0.08,0.28,0.24,0.08,NA,NA,0.08,0.08,0.08,0.08
"Female_Minority_Yes_proportion_favorable_ratio",0.327868852459016,0.203821656050955,0.200878844946642,0.203562340966921,0.204081632653061,0.115440115440115,0.376091336467428,0.280112044817927,0.172290021536253,0.195439739413681,0.194489465153971,0.175438596491228,0.116363636363636,0.117474302496329,0.11756061719324,0.153550863723608,0.14226437462952,0.154440154440154,0.203821656050955,0.203951561504143,0.11611030478955,0.375335120643432,0.339222614840989,0.113798008534851,NA,NA,0.117302052785924,0.115190784737221,0.118518518518519,0.118606375092661
"Female_Minority_Yes_FPR",0.555555555555556,0.666666666666667,0.666666666666667,0.666666666666667,0.666666666666667,0.777777777777778,0.777777777777778,0.666666666666667,0.777777777777778,0.888888888888889,0.888888888888889,0.777777777777778,0.777777777777778,0.777777777777778,0.777777777777778,0.666666666666667,0.666666666666667,0.666666666666667,0.666666666666667,0.666666666666667,0.777777777777778,0.666666666666667,0.777777777777778,0.777777777777778,0,0,0.777777777777778,0.777777777777778,0.777777777777778,0.777777777777778
"Female_Minority_Yes_FPR_ratio",11.515873015873,8.56047197640118,9.87074829931973,8.87461773700306,8.87461773700306,4.97161037689672,6.2008547008547,4.56289308176101,5.03819444444444,3.30712250712251,3.35007215007215,4.68280313508529,4.82288698955366,4.66345270890725,4.70231481481481,8.26780626780627,14.6565656565657,8.33908045977011,9.30128205128205,9.30128205128205,4.97161037689672,5.34438305709024,5.12979797979798,5.32337526205451,0,0,4.84358607534573,5.10658622423328,4.6252276867031,4.6252276867031
"Female_Minority_Yes_FNR",0.1875,0.0625,0.0625,0.0625,0.0625,0,0.3125,0.125,0.0625,0.125,0.125,0.0625,0,0,0,0,0,0,0.0625,0.0625,0,0.25,0.25,0,1,1,0,0,0,0
"Female_Minority_Yes_FNR_ratio",0.314793577981651,0.147898706896552,0.14296875,0.149184782608696,0.151825221238938,0,0.779829545454546,0.363095238095238,0.206701807228916,0.410928143712575,0.408482142857143,0.217167721518987,0,0,0,0,0,0,0.153867713004484,0.154560810810811,0,0.618243243243243,0.745923913043478,0,3.30722891566265,3.38888888888889,0,0,0,0
"Female_Minority_No_proportion_favorable",0.632398753894081,0.439252336448598,0.451713395638629,0.417445482866044,0.404984423676012,0.286604361370716,0.404984423676012,0.333333333333333,0.299065420560748,0.277258566978193,0.289719626168224,0.286604361370716,0.271028037383178,0.289719626168224,0.292834890965732,0.442367601246106,0.59190031152648,0.433021806853583,0.429906542056075,0.429906542056075,0.280373831775701,0.414330218068536,0.333333333333333,0.305295950155763,0.249221183800623,0.2398753894081,0.289719626168224,0.292834890965732,0.280373831775701,0.280373831775701
"Female_Minority_No_proportion_favorable_ratio",0.740513763342015,0.55955711649503,0.567122907267582,0.531101123239241,0.516561764892873,0.413570507028451,0.543968332674295,0.466853408029879,0.429383231242997,0.451561184003572,0.469561792817219,0.419012224226194,0.394222599830076,0.425432637545116,0.430323131470583,0.566049393789003,0.701719397186105,0.557299622720183,0.547651645931305,0.548000690957393,0.406928638281133,0.55540243708919,0.471142520612485,0.434275889268511,0.38519502905815,0.373346909584591,0.424808836023789,0.421648511109765,0.415368639667705,0.415676548221944
"Female_Minority_No_FPR",0.159235668789809,0.261146496815287,0.248407643312102,0.280254777070064,0.286624203821656,0.452229299363057,0.35031847133758,0.401273885350318,0.426751592356688,0.503184713375796,0.471337579617834,0.452229299363057,0.464968152866242,0.439490445859873,0.43312101910828,0.248407643312102,0.152866242038217,0.248407643312102,0.254777070063694,0.254777070063694,0.45859872611465,0.337579617834395,0.388535031847134,0.414012738853503,0.528662420382166,0.54140127388535,0.43312101910828,0.43312101910828,0.45859872611465,0.45859872611465
"Female_Minority_No_FPR_ratio",3.3007279344859,3.3533059015839,3.67795398414143,3.73073102319874,3.81552036463507,2.89068155672157,2.79292363687268,2.74645475303449,2.76435964513194,1.87210517720072,1.77639176110514,2.72275814678754,2.88319995644836,2.63512659893667,2.61857749469214,3.08067940552017,3.36074116965837,3.10723698660224,3.5546300832925,3.5546300832925,2.93139538146413,2.70623218495971,2.5625651418645,2.83364379281336,2.3748890773205,2.39504039148672,2.69724720483311,2.843704066634,2.72715881800146,2.72715881800146
"Female_Minority_No_FNR",0.432926829268293,0.152439024390244,0.164634146341463,0.128048780487805,0.109756097560976,0.0365853658536585,0.170731707317073,0.0792682926829268,0.0365853658536585,0.0670731707317073,0.0609756097560976,0.0365853658536585,0.0182926829268293,0.0304878048780488,0.0304878048780488,0.146341463414634,0.347560975609756,0.128048780487805,0.128048780487805,0.128048780487805,0.0304878048780488,0.176829268292683,0.0670731707317073,0.0365853658536585,0.0365853658536585,0.0304878048780488,0.024390243902439,0.0304878048780488,0.0304878048780488,0.0304878048780488
"Female_Minority_No_FNR_ratio",0.726840456477959,0.360728553406224,0.376600609756098,0.305646871686108,0.266619900712281,0.123983739837398,0.426053215077605,0.230255516840883,0.120996179841316,0.220498028333577,0.199259581881533,0.127122568694041,0.0635612843470207,0.109397417503587,0.111585365853659,0.350836084780062,0.631824422548861,0.32099899766121,0.315241168106748,0.31666117336849,0.108687044662654,0.437294001318392,0.200125927889714,0.120271651818315,0.120996179841316,0.103319783197832,0.0917139993317742,0.105269213069489,0.117047586559782,0.117871865338372
"Female_Majority_Yes_proportion_favorable",0.479166666666667,0.25,0.208333333333333,0.229166666666667,0.229166666666667,0.1875,0.291666666666667,0.25,0.229166666666667,0.166666666666667,0.208333333333333,0.208333333333333,0.1875,0.1875,0.1875,0.270833333333333,0.395833333333333,0.229166666666667,0.229166666666667,0.229166666666667,0.166666666666667,0.3125,0.229166666666667,0.208333333333333,0.0833333333333333,0.0833333333333333,0.229166666666667,0.208333333333333,0.1875,0.1875
"Female_Majority_Yes_proportion_favorable_ratio",0.561085089773614,0.318471337579618,0.261560996024273,0.29156064461408,0.292304421768707,0.270562770562771,0.391761808820237,0.350140056022409,0.329026082794927,0.271444082519001,0.337655321447866,0.30458089668616,0.272727272727273,0.275330396475771,0.275532696546657,0.346555768820644,0.469274846868208,0.294937794937795,0.291932059447983,0.292118121946038,0.241896468311563,0.418900804289544,0.323910482921084,0.296348980559507,0.128799587841319,0.12970168612192,0.336021505376344,0.299976001919846,0.277777777777778,0.277983691623425
"Female_Majority_Yes_FPR",0.2,0.5,0.55,0.55,0.55,0.55,0.5,0.5,0.5,0.7,0.65,0.55,0.6,0.55,0.55,0.5,0.25,0.55,0.55,0.55,0.6,0.45,0.55,0.55,0.8,0.8,0.5,0.55,0.55,0.55
"Female_Majority_Yes_FPR_ratio",4.14571428571429,6.42035398230089,8.14336734693878,7.32155963302752,7.32155963302752,3.51563876651982,3.98626373626374,3.42216981132075,3.23883928571429,2.60435897435897,2.44974025974026,3.31141078838174,3.72051282051282,3.29772727272727,3.32520833333333,6.2008547008547,5.49621212121212,6.87974137931035,7.67355769230769,7.67355769230769,3.8352422907489,3.60745856353591,3.6275,3.76438679245283,3.5938080495356,3.5390243902439,3.1137339055794,3.61108597285068,3.27069672131148,3.27069672131148
"Female_Majority_Yes_FNR",0.25,0.0714285714285714,0.0357142857142857,0.0714285714285714,0.0714285714285714,0,0.142857142857143,0.0714285714285714,0.0357142857142857,0.0714285714285714,0.107142857142857,0.0357142857142857,0.0357142857142857,0,0,0.107142857142857,0.142857142857143,0.0714285714285714,0.0714285714285714,0.0714285714285714,0,0.142857142857143,0.0714285714285714,0.0357142857142857,0,0,0.0357142857142857,0.0357142857142857,0,0
"Female_Majority_Yes_FNR_ratio",0.419724770642202,0.169027093596059,0.0816964285714286,0.170496894409938,0.173514538558786,0,0.356493506493506,0.207482993197279,0.118115318416523,0.234816082121471,0.350127551020408,0.124095840867993,0.124095840867993,0,0,0.256862133499688,0.259697256385998,0.179060665362035,0.175848814862268,0.176640926640927,0,0.353281853281853,0.213121118012422,0.117408041060736,0,0,0.134295499021526,0.123315363881402,0,0
"Female_Majority_No_proportion_favorable",0.861435726210351,0.791318864774624,0.797996661101836,0.797996661101836,0.797996661101836,0.696160267111853,0.767946577629382,0.717863105175292,0.691151919866444,0.674457429048414,0.669449081803005,0.69449081803005,0.697829716193656,0.69449081803005,0.692821368948247,0.789649415692821,0.84474123539232,0.7779632721202,0.79465776293823,0.79465776293823,0.681135225375626,0.769616026711185,0.712854757929883,0.707846410684474,0.714524207011686,0.699499165275459,0.679465776293823,0.687813021702838,0.669449081803005,0.669449081803005
"Female_Majority_No_proportion_favorable_ratio",1.00870693935638,1.00804950926704,1.00187904720883,1.01526292761048,1.01785288405846,1.00456027000267,1.03149305255793,1.00541051144999,0.992321492988434,1.09846486815703,1.08500661556403,1.01533745326031,1.01502504173623,1.01981030547731,1.01810634672777,1.01042791515396,1.00147152980714,1.00123973245843,1.01230288272386,1.01294807257901,0.988585232765785,1.031656872267,1.00756856244506,1.00689389855544,1.104365080389,1.08871465412523,0.996284129463084,0.990371521530364,0.991776417485933,0.992511611272061
"Female_Majority_No_FPR",0.0564334085778781,0.0790067720090293,0.072234762979684,0.072234762979684,0.0699774266365688,0.160270880361174,0.103837471783296,0.148984198645598,0.167042889390519,0.209932279909707,0.216704288939052,0.160270880361174,0.164785553047404,0.162528216704289,0.164785553047404,0.0857787810383747,0.054176072234763,0.0835214446952596,0.072234762979684,0.072234762979684,0.169300225733634,0.108352144469526,0.153498871331828,0.146726862302483,0.160270880361174,0.173814898419865,0.171557562076749,0.164785553047404,0.18058690744921,0.178329571106095
"Female_Majority_No_FPR_ratio",1.1697839406643,1.01450288659382,1.06951674575022,0.961583863151573,0.931534367428086,1.02446276389455,0.827847096470121,1.01969845393756,1.08205014511448,0.781055738843549,0.816721878572894,0.964950404166237,1.02181127124694,0.974497696024476,0.996265989465764,1.06380351527078,1.19105273958547,1.04473807114501,1.00781385657232,1.00781385657232,1.08217897594495,0.868613047653493,1.01239482864765,1.00424847736275,0.71997847493518,0.768918956119584,1.06836919559383,1.0819178166144,1.07390001110165,1.06047626096288
"Female_Majority_No_FNR",0.628205128205128,0.423076923076923,0.429487179487179,0.429487179487179,0.423076923076923,0.288461538461538,0.403846153846154,0.33974358974359,0.288461538461538,0.346153846153846,0.346153846153846,0.282051282051282,0.307692307692308,0.288461538461538,0.288461538461538,0.435897435897436,0.557692307692308,0.384615384615385,0.416666666666667,0.416666666666667,0.256410256410256,0.423076923076923,0.333333333333333,0.294871794871795,0.358974358974359,0.33974358974359,0.256410256410256,0.269230769230769,0.243589743589744,0.237179487179487
"Female_Majority_No_FNR_ratio",1.05469301340861,1.00116047745358,0.982451923076923,1.02516722408027,1.02773995915589,0.977564102564103,1.00777972027972,0.986874236874237,0.954008341056534,1.13795485951175,1.13118131868132,0.980038948393379,1.06913339824732,1.03506787330317,1.05576923076923,1.04501175680215,1.01381813550688,0.964172813487882,1.02578475336323,1.03040540540541,0.914085914085914,1.0462577962578,0.994565217391304,0.969368954398894,1.18721037998146,1.15135327635328,0.964172813487882,0.929608127721335,0.935180204410974,0.916982665222102
"Male_Minority_Yes_FPR_stringent",0,0.75,0.875,0,0,0,0.9375,0.8125,0.75,0,0,0.75,0.875,0,0,0.75,0,0.9375,0,0,0,0,0.875,0.75,0,0,0.75,0.75,0,0
"Male_Minority_Yes_FNR_stringent",1,0,0,1,1,1,0,0,0,1,1,0,0,1,1,0,1,0,1,1,1,1,0,0,1,1,0,0,1,1
"Male_Minority_No_FPR_stringent",0.932203389830508,0.89406779661017,0.877118644067797,0.949152542372881,0.966101694915254,0.927966101694915,0.902542372881356,0.860169491525424,0.809322033898305,0.927966101694915,0.902542372881356,0.85593220338983,0.85593220338983,0.936440677966102,0.949152542372881,0.919491525423729,0.932203389830508,0.898305084745763,0.944915254237288,0.953389830508475,0.923728813559322,0.906779661016949,0.834745762711864,0.847457627118644,0.923728813559322,0.927966101694915,0.830508474576271,0.805084745762712,0.961864406779661,0.961864406779661
"Male_Minority_No_FNR_stringent",0.0151515151515152,0.0303030303030303,0.0454545454545455,0,0.0151515151515152,0.0454545454545455,0.0151515151515152,0.0757575757575758,0.0303030303030303,0.0303030303030303,0.0303030303030303,0.0303030303030303,0.0454545454545455,0.0151515151515152,0.0151515151515152,0.0454545454545455,0.0606060606060606,0.0303030303030303,0.0151515151515152,0,0.0454545454545455,0.0303030303030303,0.0454545454545455,0.0454545454545455,0.0606060606060606,0.0606060606060606,0.0303030303030303,0.0303030303030303,0.0303030303030303,0.0303030303030303
"Male_Majority_Yes_FPR_stringent",0.935483870967742,0.838709677419355,0.806451612903226,1,0,0.935483870967742,0.935483870967742,0.741935483870968,0.774193548387097,0.903225806451613,0.903225806451613,0.838709677419355,0.709677419354839,0.935483870967742,0.935483870967742,0.838709677419355,0.838709677419355,0.870967741935484,0.967741935483871,0.967741935483871,1,0.967741935483871,0.806451612903226,0.774193548387097,0.838709677419355,0.838709677419355,0.838709677419355,0.806451612903226,1,1
"Male_Majority_Yes_FNR_stringent",0.0588235294117647,0,0.0588235294117647,0.0588235294117647,1,0.0588235294117647,0,0,0.0588235294117647,0.0588235294117647,0.0588235294117647,0.0588235294117647,0.0588235294117647,0,0,0.0588235294117647,0.0588235294117647,0.0588235294117647,0.0588235294117647,0.0588235294117647,0.0588235294117647,0.0588235294117647,0.0588235294117647,0.0588235294117647,0.0588235294117647,0.0588235294117647,0.0588235294117647,0.0588235294117647,0.0588235294117647,0.0588235294117647
"Male_Majority_No_FPR_stringent",0.708719851576994,0.925788497217069,0.966604823747681,0.953617810760668,0.961038961038961,0.794063079777365,0.88126159554731,0.831168831168831,0.884972170686456,0.680890538033395,0.64378478664193,0.829313543599258,0.888682745825603,0.888682745825603,0.879406307977737,0.949907235621521,0.73469387755102,0.957328385899815,0.949907235621521,0.962894248608534,0.801484230055659,0.88682745825603,0.838589981447124,0.918367346938776,0.666048237476809,0.656771799628942,0.88126159554731,0.914656771799629,0.88126159554731,0.896103896103896
"Male_Majority_No_FNR_stringent",0.276595744680851,0.0106382978723404,0.0212765957446809,0.0106382978723404,0.0106382978723404,0.0957446808510638,0.0319148936170213,0.117021276595745,0.0531914893617021,0.276595744680851,0.287234042553192,0.0638297872340425,0.0638297872340425,0.0425531914893617,0.0319148936170213,0.0212765957446809,0.24468085106383,0,0.0319148936170213,0.0106382978723404,0.0531914893617021,0.0319148936170213,0.074468085106383,0.0212765957446809,0.234042553191489,0.287234042553192,0.0319148936170213,0,0.0319148936170213,0.0531914893617021
"Female_Minority_Yes_FPR_stringent",0,0,0,0,0,0,0,0.888888888888889,0,0,0,0,0,0,0,0,0,0,0,0,0,0,0.888888888888889,0,0,0,0,0,0,0
"Female_Minority_Yes_FNR_stringent",1,1,1,1,1,1,1,0.0625,1,1,1,1,1,1,1,1,1,1,1,1,1,1,0,1,1,1,1,1,1,1
"Female_Minority_No_FPR_stringent",0.993630573248408,0.853503184713376,0.853503184713376,0.980891719745223,0.987261146496815,0.968152866242038,0.949044585987261,0.86624203821656,0.75796178343949,0.993630573248408,0.993630573248408,0.789808917197452,0.828025477707006,0.961783439490446,0.955414012738854,0.815286624203822,0,0.929936305732484,0.980891719745223,0.980891719745223,0.968152866242038,0.910828025477707,0.834394904458599,0.726114649681529,0.993630573248408,0,0.796178343949045,0.808917197452229,0.968152866242038,0.980891719745223
"Female_Minority_No_FNR_stringent",0,0.00609756097560976,0.0121951219512195,0,0,0,0.00609756097560976,0.00609756097560976,0.0121951219512195,0,0,0.00609756097560976,0.00609756097560976,0,0,0.0121951219512195,1,0.0121951219512195,0,0,0,0.00609756097560976,0.00609756097560976,0.0121951219512195,0,1,0.0121951219512195,0.00609756097560976,0,0
"Female_Majority_Yes_FPR_stringent",0,0,0,0,0,0,0,0,0.95,0,0,0,0,0,0,0,0,0,0,0,0.95,0,0.9,0.95,0,0,0,0,0,0
"Female_Majority_Yes_FNR_stringent",1,1,1,1,1,1,1,1,0,1,1,1,1,1,1,1,1,1,1,1,0,1,0,0,1,1,1,1,1,1
"Female_Majority_No_FPR_stringent",0.99097065462754,0.830699774266366,0.744920993227991,0.920993227990971,0.948081264108352,0.914221218961625,0.880361173814898,0.805869074492099,0.767494356659142,0.984198645598194,0.984198645598194,0.781038374717833,0.686230248306998,0.930022573363431,0.948081264108352,0.81941309255079,0.975169300225734,0.851015801354402,0.918735891647856,0.936794582392777,0.927765237020316,0.880361173814898,0.821670428893905,0.749435665914221,0.970654627539503,0.979683972911964,0.756207674943567,0.738148984198646,0.927765237020316,0.936794582392777
"Female_Majority_No_FNR_stringent",0,0.0128205128205128,0.0256410256410256,0.0128205128205128,0,0.0384615384615385,0.0448717948717949,0.032051282051282,0.0256410256410256,0.00641025641025641,0.00641025641025641,0.0256410256410256,0.032051282051282,0.0128205128205128,0.0256410256410256,0.0256410256410256,0.00641025641025641,0.0128205128205128,0.0256410256410256,0.0128205128205128,0.0256410256410256,0.0448717948717949,0.0256410256410256,0.0512820512820513,0.0128205128205128,0.00641025641025641,0.0448717948717949,0.032051282051282,0.0128205128205128,0.0128205128205128
"Male_Minority_Yes_FPR_lenient",0.0625,0.0625,0.0625,0.0625,0.0625,0,0,0,0.0625,0.0625,0.0625,0.0625,0.0625,0,0,0.0625,0.0625,0.0625,0.0625,0.0625,0.0625,0,0,0,0,0,0.0625,0,0,0
"Male_Minority_Yes_FNR_lenient",0.375,0.375,0.375,0.375,0.375,0.75,0.75,0.625,0.5,0.5,0.5,0.5,0.5,0.5,0.5,0.375,0.5,0.375,0.375,0.375,0.75,0.875,0.875,0.5,0.75,0.625,0.375,0.625,0.5,0.625
"Male_Minority_No_FPR_lenient",0.00423728813559322,0.00423728813559322,0,0.00423728813559322,0.00423728813559322,0,0.00847457627118644,0,0,0,0,0,0,0,0,0.00847457627118644,0,0.0127118644067797,0.00847457627118644,0.00847457627118644,0,0,0,0,0,0,0,0.00423728813559322,0,0
"Male_Minority_No_FNR_lenient",0.924242424242424,0.93939393939394,0.954545454545455,0.924242424242424,0.924242424242424,1,0.96969696969697,0.984848484848485,1,0.96969696969697,0.96969696969697,1,1,0.96969696969697,0.96969696969697,0.848484848484849,0.984848484848485,0.878787878787879,0.893939393939394,0.878787878787879,0.984848484848485,1,1,1,1,1,0.96969696969697,0.909090909090909,0.954545454545455,0.954545454545455
"Male_Majority_Yes_FPR_lenient",0,0,0,0,0,0,0,0,0,0,0,0,0,0,0,0,0,0,0,0,0,0,0,0,0,0,0,0,0,0
"Male_Majority_Yes_FNR_lenient",0.764705882352941,0.588235294117647,0.764705882352941,0.764705882352941,0.764705882352941,1,0.88235294117647,1,1,0.941176470588235,0.941176470588235,0.823529411764706,0.941176470588235,0.88235294117647,0.941176470588235,0.588235294117647,0.941176470588235,0.529411764705882,0.647058823529412,0.588235294117647,0.823529411764706,1,1,1,1,1,0.941176470588235,0.705882352941177,0.88235294117647,0.764705882352941
"Male_Majority_No_FPR_lenient",0,0.00185528756957328,0,0,0,0,0.00185528756957328,0.00185528756957328,0,0,0,0,0,0,0,0,0,0,0,0,0,0,0.00185528756957328,0,0,0,0,0,0,0
"Male_Majority_No_FNR_lenient",0.978723404255319,0.978723404255319,1,1,1,1,0.978723404255319,0.978723404255319,1,0.978723404255319,0.978723404255319,1,1,1,1,0.98936170212766,1,1,1,1,1,1,0.98936170212766,1,1,1,1,1,1,1
"Female_Minority_Yes_FPR_lenient",0.333333333333333,0.333333333333333,0.222222222222222,0.333333333333333,0.333333333333333,0,0.222222222222222,0.222222222222222,0.222222222222222,0.333333333333333,0.333333333333333,0.222222222222222,0.222222222222222,0.111111111111111,0.111111111111111,0.222222222222222,0.555555555555556,0.333333333333333,0.222222222222222,0.222222222222222,0.111111111111111,0,0.222222222222222,0.222222222222222,0.333333333333333,0.333333333333333,0.222222222222222,0.222222222222222,0,0
"Female_Minority_Yes_FNR_lenient",0.375,0.5625,0.5625,0.5,0.5,0.9375,0.8125,0.9375,0.9375,0.5625,0.5625,0.75,0.6875,0.875,0.875,0.75,0.125,0.5625,0.75,0.75,0.875,1,0.9375,0.875,0.5625,0.5625,0.6875,0.6875,0.9375,0.875
"Female_Minority_No_FPR_lenient",0.127388535031847,0.133757961783439,0.127388535031847,0.133757961783439,0.133757961783439,0.0191082802547771,0.0573248407643312,0.0700636942675159,0.0636942675159236,0.0828025477707006,0.0955414012738854,0.089171974522293,0.089171974522293,0.0636942675159236,0.089171974522293,0.121019108280255,0.121019108280255,0.121019108280255,0.121019108280255,0.114649681528662,0.0636942675159236,0.00636942675159236,0.0509554140127389,0.0764331210191083,0.0955414012738854,0.0955414012738854,0.10828025477707,0.101910828025478,0.0445859872611465,0.0636942675159236
"Female_Minority_No_FNR_lenient",0.49390243902439,0.451219512195122,0.426829268292683,0.481707317073171,0.457317073170732,0.902439024390244,0.725609756097561,0.768292682926829,0.628048780487805,0.682926829268293,0.670731707317073,0.664634146341463,0.609756097560976,0.74390243902439,0.731707317073171,0.426829268292683,0.432926829268293,0.445121951219512,0.469512195121951,0.469512195121951,0.707317073170732,0.969512195121951,0.780487804878049,0.615853658536585,0.524390243902439,0.542682926829268,0.676829268292683,0.591463414634146,0.774390243902439,0.73780487804878
"Female_Majority_Yes_FPR_lenient",0.2,0.2,0.15,0.2,0.2,0.05,0.2,0.1,0.15,0.2,0.2,0.15,0.1,0,0.05,0.15,0.2,0.2,0.2,0.2,0.1,0,0.05,0.1,0.2,0.2,0.05,0.2,0.05,0.05
"Female_Majority_Yes_FNR_lenient",0.321428571428571,0.321428571428571,0.285714285714286,0.428571428571429,0.428571428571429,0.857142857142857,0.642857142857143,0.642857142857143,0.571428571428571,0.464285714285714,0.464285714285714,0.535714285714286,0.392857142857143,0.821428571428571,0.785714285714286,0.321428571428571,0.214285714285714,0.285714285714286,0.392857142857143,0.392857142857143,0.571428571428571,0.928571428571429,0.571428571428571,0.5,0.285714285714286,0.285714285714286,0.571428571428571,0.464285714285714,0.678571428571429,0.642857142857143
"Female_Majority_No_FPR_lenient",0.0270880361173815,0.0203160270880361,0.0225733634311512,0.0248306997742664,0.0248306997742664,0.00225733634311512,0.0090293453724605,0.00451467268623025,0.00677200902934537,0.0135440180586907,0.018058690744921,0.0090293453724605,0.0090293453724605,0.0112866817155756,0.0090293453724605,0.0225733634311512,0.0203160270880361,0.018058690744921,0.0270880361173815,0.0270880361173815,0.0112866817155756,0,0.00451467268623025,0.0090293453724605,0.00225733634311512,0.00225733634311512,0.00677200902934537,0.00677200902934537,0.0112866817155756,0.0158013544018059
"Female_Majority_No_FNR_lenient",0.769230769230769,0.782051282051282,0.801282051282051,0.75,0.730769230769231,0.980769230769231,0.891025641025641,0.942307692307692,0.923076923076923,0.903846153846154,0.897435897435897,0.923076923076923,0.903846153846154,0.923076923076923,0.884615384615385,0.782051282051282,0.743589743589744,0.807692307692308,0.717948717948718,0.711538461538462,0.884615384615385,1,0.923076923076923,0.923076923076923,0.974358974358974,0.967948717948718,0.91025641025641,0.974358974358974,0.935897435897436,0.897435897435897
"Male_Minority_Yes_FPR_train",0.163934426229508,0.262295081967213,0.229508196721311,0.229508196721311,0.229508196721311,0.39344262295082,0,0.213114754098361,0.327868852459016,0.377049180327869,0.275862068965517,0.241379310344828,0.379310344827586,0.241379310344828,0.241379310344828,0.262295081967213,0.163934426229508,0.245901639344262,0.245901639344262,0.245901639344262,0.459016393442623,0,0.180327868852459,0.327868852459016,0.377049180327869,0.310344827586207,0.241379310344828,0.310344827586207,0.344827586206897,0.344827586206897
"Male_Minority_Yes_FNR_train",0.411764705882353,0.156862745098039,0.254901960784314,0.196078431372549,0.156862745098039,0.0692307692307692,0,0.00769230769230769,0.0538461538461538,0.176923076923077,0.176470588235294,0.0980392156862745,0.0784313725490196,0.0588235294117647,0.0588235294117647,0.235294117647059,0.372549019607843,0.254901960784314,0.215686274509804,0.215686274509804,0.0692307692307692,0,0.00769230769230769,0.0538461538461538,0.0769230769230769,0.137254901960784,0.0588235294117647,0.0980392156862745,0.0588235294117647,0.0588235294117647
"Male_Minority_No_FPR_train",0.0433070866141732,0.0403543307086614,0.0344488188976378,0.030511811023622,0.0324803149606299,0.0875984251968504,0,0.0393700787401575,0.094488188976378,0.308070866141732,0.297297297297297,0.0945945945945946,0.127027027027027,0.0918918918918919,0.0945945945945946,0.0383858267716535,0.0206692913385827,0.0492125984251969,0.030511811023622,0.0295275590551181,0.0915354330708661,0,0.046259842519685,0.0866141732283465,0.275590551181102,0.27027027027027,0.102702702702703,0.121621621621622,0.0972972972972973,0.0945945945945946
"Male_Minority_No_FNR_train",0.692592592592593,0.52962962962963,0.648148148148148,0.537037037037037,0.522222222222222,0.210361067503925,0,0.0784929356357928,0.313971742543171,0.401883830455259,0.4,0.340740740740741,0.337037037037037,0.285185185185185,0.288888888888889,0.544444444444444,0.733333333333333,0.548148148148148,0.511111111111111,0.533333333333333,0.23861852433281,0,0.0737833594976452,0.304552590266876,0.390894819466248,0.392592592592593,0.325925925925926,0.359259259259259,0.285185185185185,0.277777777777778
"Male_Majority_Yes_FPR_train",0.0896551724137931,0.110344827586207,0.117241379310345,0.117241379310345,0.110344827586207,0.227586206896552,0,0.0896551724137931,0.193103448275862,0.351724137931034,0.333333333333333,0.2,0.233333333333333,0.2,0.2,0.117241379310345,0.0689655172413793,0.117241379310345,0.117241379310345,0.103448275862069,0.227586206896552,0,0.117241379310345,0.2,0.358620689655172,0.316666666666667,0.183333333333333,0.2,0.216666666666667,0.216666666666667
"Male_Majority_Yes_FNR_train",0.614035087719298,0.456140350877193,0.543859649122807,0.456140350877193,0.43859649122807,0.211538461538462,0,0.0384615384615385,0.237179487179487,0.288461538461538,0.31578947368421,0.298245614035088,0.280701754385965,0.245614035087719,0.245614035087719,0.385964912280702,0.631578947368421,0.43859649122807,0.403508771929825,0.403508771929825,0.211538461538462,0,0.0192307692307692,0.25,0.294871794871795,0.31578947368421,0.263157894736842,0.298245614035088,0.245614035087719,0.245614035087719
"Male_Majority_No_FPR_train",0.00680933852140078,0.00680933852140078,0.00583657587548638,0.000972762645914397,0.000972762645914397,0.0325875486381323,0,0.0107003891050584,0.0335603112840467,0.21011673151751,0.207379134860051,0.039440203562341,0.0356234096692112,0.0267175572519084,0.0318066157760814,0.00778210116731518,0,0.0111867704280156,0.000486381322957198,0.000486381322957198,0.0325875486381323,0,0.0184824902723735,0.0321011673151751,0.130350194552529,0.133587786259542,0.044529262086514,0.0267175572519084,0.0292620865139949,0.0305343511450382
"Male_Majority_No_FNR_train",0.994318181818182,0.84375,0.914772727272727,0.806818181818182,0.803977272727273,0.403275332650972,0,0.119754350051177,0.642784032753327,0.710337768679631,0.681818181818182,0.647727272727273,0.704545454545455,0.539772727272727,0.542613636363636,0.823863636363636,1,0.857954545454545,0.795454545454545,0.792613636363636,0.44114636642784,0,0.101330603889458,0.622313203684749,0.754350051177073,0.755681818181818,0.664772727272727,0.775568181818182,0.556818181818182,0.559659090909091
"Female_Minority_Yes_FPR_train",0.416666666666667,0.472222222222222,0.555555555555556,0.444444444444444,0.472222222222222,0.611111111111111,0,0.194444444444444,0.583333333333333,0.861111111111111,1,0.625,0.625,0.625,0.625,0.583333333333333,0.611111111111111,0.583333333333333,0.416666666666667,0.388888888888889,0.611111111111111,0,0.111111111111111,0.583333333333333,0.888888888888889,0.9375,0.5625,0.625,0.625,0.625
"Female_Minority_Yes_FNR_train",0.23943661971831,0.0140845070422535,0.0140845070422535,0,0,0,0,0,0,0.0380434782608696,0.028169014084507,0,0,0,0,0,0.0985915492957746,0,0,0,0,0,0,0,0,0,0,0,0,0
"Female_Minority_No_FPR_train",0.133627019089574,0.246696035242291,0.276064610866373,0.262848751835536,0.268722466960352,0.458149779735683,0,0.217327459618209,0.397944199706314,0.497797356828194,0.509803921568627,0.415686274509804,0.494117647058824,0.466666666666667,0.470588235294118,0.237885462555066,0.148311306901615,0.276064610866373,0.258443465491924,0.265785609397944,0.483113069016153,0,0.174743024963289,0.402349486049927,0.574155653450808,0.603921568627451,0.415686274509804,0.490196078431373,0.490196078431373,0.490196078431373
"Female_Minority_No_FNR_train",0.442122186495177,0.152733118971061,0.205787781350482,0.143086816720257,0.12379421221865,0.0155223880597015,0,0.00417910447761194,0.0280597014925373,0.127761194029851,0.117363344051447,0.0418006430868167,0.0498392282958199,0.0305466237942122,0.0321543408360129,0.141479099678457,0.384244372990354,0.162379421221865,0.144694533762058,0.147909967845659,0.0167164179104478,0,0.00835820895522388,0.0274626865671642,0.0746268656716418,0.0691318327974277,0.0418006430868167,0.0482315112540193,0.0257234726688103,0.022508038585209
"Female_Majority_Yes_FPR_train",0.247422680412371,0.350515463917526,0.422680412371134,0.402061855670103,0.412371134020619,0.56701030927835,0,0.195876288659794,0.474226804123711,0.639175257731959,0.659090909090909,0.431818181818182,0.590909090909091,0.545454545454545,0.545454545454545,0.350515463917526,0.371134020618557,0.371134020618557,0.34020618556701,0.34020618556701,0.587628865979381,0,0.185567010309278,0.505154639175258,0.752577319587629,0.795454545454545,0.477272727272727,0.568181818181818,0.568181818181818,0.568181818181818
"Female_Majority_Yes_FNR_train",0.361702127659574,0.117021276595745,0.170212765957447,0.0638297872340425,0.0319148936170213,0,0,0.00381679389312977,0.0190839694656489,0.0648854961832061,0.0638297872340425,0.0212765957446809,0.0319148936170213,0.0106382978723404,0.0106382978723404,0.0638297872340425,0.234042553191489,0.0957446808510638,0.074468085106383,0.074468085106383,0.00381679389312977,0,0,0.0229007633587786,0.00381679389312977,0.0106382978723404,0.0106382978723404,0.0212765957446809,0.0106382978723404,0
"Female_Majority_No_FPR_train",0.0751614797416324,0.0869054609512625,0.1015854374633,0.091015854374633,0.092190252495596,0.17968291250734,0,0.095713446858485,0.166177334116265,0.237228420434527,0.217054263565891,0.167441860465116,0.186046511627907,0.161240310077519,0.165891472868217,0.091015854374633,0.0704638872577804,0.106870229007634,0.099236641221374,0.098062243100411,0.200822078684674,0,0.081620669406929,0.167351732237228,0.192601291837933,0.215503875968992,0.164341085271318,0.186046511627907,0.187596899224806,0.187596899224806
"Female_Majority_No_FNR_train",0.597383720930233,0.379360465116279,0.424418604651163,0.361918604651163,0.354651162790698,0.11217587373168,0,0.044532130777903,0.188275084554679,0.298196166854566,0.328488372093023,0.226744186046512,0.238372093023256,0.156976744186047,0.156976744186047,0.335755813953488,0.539244186046512,0.348837209302326,0.36046511627907,0.364825581395349,0.129650507328072,0,0.0411499436302142,0.175310033821871,0.290304396843292,0.305232558139535,0.196220930232558,0.21656976744186,0.15843023255814,0.159883720930233
